years_interp,seconds_interp,seconds_zero,sunspots_interp
1700.5,53626968000.0,0.0,8.3
1700.609589041096,53630424000.0,3456000.0,9.395890410958874
1700.7191780821918,53633880000.0,6912000.0,10.491780821917747
1700.8287671232877,53637336000.0,10368000.0,11.58767123287662
1700.9383561643835,53640792000.0,13824000.0,12.683561643835493
1701.0479452054794,53644248000.0,17280000.0,13.779452054794366
1701.1575342465753,53647704000.0,20736000.0,14.875342465753238
1701.2671232876712,53651160000.0,24192000.0,15.971232876712111
1701.376712328767,53654616000.0,27648000.0,17.067123287670984
1701.486301369863,53658072000.0,31104000.0,18.163013698629857
1701.5958904109589,53661528000.0,34560000.0,19.105479452054535
1701.7054794520548,53664984000.0,38016000.0,20.026027397259988
1701.8150684931506,53668440000.0,41472000.0,20.94657534246544
1701.9246575342465,53671896000.0,44928000.0,21.867123287670893
1702.0342465753424,53675352000.0,48384000.0,22.787671232876345
1702.1438356164383,53678808000.0,51840000.0,23.708219178081798
1702.2534246575342,53682264000.0,55296000.0,24.628767123287254
1702.36301369863,53685720000.0,58752000.0,25.549315068492707
1702.472602739726,53689176000.0,62208000.0,26.46986301369816
1702.5821917808219,53692632000.0,65664000.0,27.65342465753356
1702.6917808219177,53696088000.0,69120000.0,28.924657534245853
1702.8013698630136,53699544000.0,72576000.0,30.195890410958143
1702.9109589041095,53703000000.0,76032000.0,31.467123287670436
1703.0205479452054,53706456000.0,79488000.0,32.73835616438273
1703.1301369863013,53709912000.0,82944000.0,34.00958904109502
1703.2397260273972,53713368000.0,86400000.0,35.280821917807316
1703.349315068493,53716824000.0,89856000.0,36.552054794519606
1703.458904109589,53720280000.0,93312000.0,37.823287671231896
1703.5684931506848,53723736000.0,96768000.0,39.78630136986112
1703.6780821917807,53727192000.0,100224000.0,42.16438356164187
1703.7876712328766,53730648000.0,103680000.0,44.542465753422626
1703.8972602739725,53734104000.0,107136000.0,46.92054794520338
1704.0068493150684,53737560000.0,110592000.0,49.29863013698414
1704.1164383561643,53741016000.0,114048000.0,51.67671232876489
1704.2260273972602,53744472000.0,117504000.0,54.05479452054565
1704.335616438356,53747928000.0,120960000.0,56.432876712326404
1704.445205479452,53751384000.0,124416000.0,58.81095890410715
1704.5547945205478,53754840000.0,127872000.0,62.01095890410536
1704.6643835616437,53758296000.0,131328000.0,66.03287671232442
1704.7739726027396,53761752000.0,134784000.0,70.05479452054348
1704.8835616438355,53765208000.0,138240000.0,74.07671232876255
1704.9931506849314,53768664000.0,141696000.0,78.09863013698161
1705.1027397260273,53772120000.0,145152000.0,82.12054794520068
1705.2123287671232,53775576000.0,148608000.0,86.14246575341974
1705.321917808219,53779032000.0,152064000.0,90.1643835616388
1705.431506849315,53782488000.0,155520000.0,94.18630136985787
1705.5410958904108,53785944000.0,158976000.0,94.71095890411652
1705.6506849315067,53789400000.0,162432000.0,89.40684931507558
1705.7602739726026,53792856000.0,165888000.0,84.10273972603463
1705.8698630136985,53796312000.0,169344000.0,78.7986301369937
1705.9794520547944,53799768000.0,172800000.0,73.49452054795275
1706.0890410958903,53803224000.0,176256000.0,68.1904109589118
1706.1986301369861,53806679999.999985,179711999.99998474,62.88630136987085
1706.308219178082,53810135999.999985,183167999.99998474,57.58219178082991
1706.417808219178,53813591999.999985,186623999.99998474,52.27808219178896
1706.5273972602738,53817047999.999985,190079999.99998474,47.88904109589298
1706.6369863013697,53820503999.999985,193535999.99998474,46.24520547945467
1706.7465753424656,53823959999.999985,196991999.99998474,44.60136986301636
1706.8561643835615,53827415999.999985,200447999.99998474,42.95753424657805
1706.9657534246574,53830871999.999985,203903999.99998474,41.31369863013974
1707.0753424657532,53834327999.999985,207359999.99998474,39.66986301370143
1707.1849315068491,53837783999.999985,210815999.99998474,38.02602739726312
1707.294520547945,53841239999.999985,214271999.99998474,36.38219178082481
1707.404109589041,53844695999.999985,217727999.99998474,34.7383561643865
1707.5136986301368,53848151999.999985,221183999.99998474,33.072602739729334
1707.6232876712327,53851607999.999985,224639999.99998474,31.253424657537604
1707.7328767123286,53855063999.999985,228095999.99998474,29.434246575345874
1707.8424657534244,53858519999.999985,231551999.99998474,27.615068493154148
1707.9520547945203,53861975999.999985,235007999.99998474,25.795890410962418
1708.0616438356162,53865431999.999985,238463999.99998474,23.976712328770688
1708.171232876712,53868887999.999985,241919999.99998474,22.15753424657896
1708.280821917808,53872343999.999985,245375999.99998474,20.338356164387232
1708.3904109589039,53875799999.999985,248831999.99998474,18.519178082195502
1708.4999999999998,53879255999.999985,252287999.99998474,16.700000000003772
1708.6095890410957,53882711999.999985,255743999.99998474,16.327397260274754
1708.7191780821915,53886167999.999985,259199999.99998474,15.95479452054874
1708.8287671232874,53889623999.999985,262655999.99998474,15.582191780822722
1708.9383561643833,53893079999.999985,266111999.99998474,15.209589041096706
1709.0479452054792,53896535999.999985,269567999.99998474,14.83698630137069
1709.157534246575,53899991999.999985,273023999.99998474,14.464383561644672
1709.267123287671,53903447999.999985,276479999.99998474,14.091780821918656
1709.3767123287669,53906903999.999985,279935999.99998474,13.71917808219264
1709.4863013698628,53910359999.999985,283391999.99998474,13.346575342466622
1709.5958904109586,53913815999.999985,286847999.99998474,12.504109589043242
1709.7054794520545,53917271999.999985,290303999.99998474,11.594520547947377
1709.8150684931504,53920727999.999985,293759999.99998474,10.684931506851512
1709.9246575342463,53924183999.999985,297215999.99998474,9.77534246575565
1710.0342465753422,53927639999.999985,300671999.99998474,8.865753424659783
1710.143835616438,53931095999.999985,304127999.99998474,7.956164383563919
1710.253424657534,53934551999.999985,307583999.99998474,7.046575342468055
1710.3630136986299,53938007999.999985,311039999.99998474,6.13698630137219
1710.4726027397257,53941463999.999985,314495999.99998474,5.227397260276325
1710.5821917808216,53944919999.999985,317951999.99998474,4.589041095891844
1710.6917808219175,53948375999.999985,321407999.99998474,4.041095890412407
1710.8013698630134,53951831999.999985,324863999.99998474,3.4931506849329708
1710.9109589041093,53955287999.999985,328319999.99998474,2.9452054794535343
1711.0205479452052,53958743999.999985,331775999.99998474,2.397260273974098
1711.130136986301,53962199999.999985,335231999.99998474,1.8493150684946613
1711.239726027397,53965655999.999985,338687999.99998474,1.3013698630152248
1711.3493150684928,53969111999.999985,342143999.99998474,0.7534246575357884
1711.4589041095887,53972567999.999985,345599999.99998474,0.20547945205635187
1711.5684931506846,53976023999.999985,349055999.99998474,0.0
1711.6780821917805,53979479999.999985,352511999.99998474,0.0
1711.7876712328764,53982935999.999985,355967999.99998474,0.0
1711.8972602739723,53986391999.999985,359423999.99998474,0.0
1712.0068493150682,53989847999.999985,362879999.99998474,0.0
1712.116438356164,53993303999.999985,366335999.99998474,0.0
1712.22602739726,53996759999.999985,369791999.99998474,0.0
1712.3356164383558,54000215999.999985,373247999.99998474,0.0
1712.4452054794517,54003671999.999985,376703999.99998474,0.0
1712.5547945205476,54007127999.999985,380159999.99998474,0.18082191780708853
1712.6643835616435,54010583999.999985,383615999.99998474,0.5424657534235166
1712.7739726027394,54014039999.999985,387071999.99998474,0.9041095890399446
1712.8835616438353,54017495999.999985,390527999.99998474,1.2657534246563726
1712.9931506849312,54020951999.999985,393983999.99998474,1.6273972602728008
1713.102739726027,54024407999.999985,397439999.99998474,1.9890410958892288
1713.212328767123,54027863999.999985,400895999.99998474,2.350684931505657
1713.3219178082188,54031319999.999985,404351999.99998474,2.712328767122085
1713.4315068493147,54034775999.999985,407807999.99998474,3.073972602738513
1713.5410958904106,54038231999.999985,411263999.99998474,3.9164383561588236
1713.6506849315065,54041687999.999985,414719999.99998474,5.560273972597133
1713.7602739726024,54045143999.999985,418175999.99998474,7.2041095890354425
1713.8698630136983,54048599999.999985,421631999.99998474,8.847945205473753
1713.9794520547941,54052055999.999985,425087999.99998474,10.491780821912062
1714.08904109589,54055511999.999985,428543999.99998474,12.135616438350372
1714.198630136986,54058967999.999985,431999999.99998474,13.779452054788681
1714.3082191780818,54062423999.999985,435455999.99998474,15.42328767122699
1714.4178082191777,54065879999.999985,438911999.99998474,17.0671232876653
1714.5273972602736,54069335999.999985,442367999.99998474,19.031506849304424
1714.6369863013695,54072791999.999985,445823999.99998474,21.957534246564617
1714.7465753424653,54076247999.999985,449279999.99998474,24.883561643824805
1714.8561643835612,54079703999.999985,452735999.99998474,27.809589041084998
1714.9657534246571,54083159999.999985,456191999.99998474,30.73561643834519
1715.075342465753,54086615999.999985,459647999.99998474,33.661643835605375
1715.184931506849,54090071999.999985,463103999.99998474,36.58767123286557
1715.2945205479448,54093527999.999985,466559999.99998474,39.51369863012576
1715.4041095890407,54096983999.999985,470015999.99998474,42.43972602738595
1715.5136986301366,54100439999.999985,473471999.99998474,45.45616438354743
1715.6232876712324,54103895999.999985,476927999.99998474,49.105479452040484
1715.7328767123283,54107351999.999985,480383999.99998474,52.75479452053353
1715.8424657534242,54110807999.999985,483839999.99998474,56.404109589026575
1715.95205479452,54114263999.999985,487295999.99998474,60.05342465751962
1716.061643835616,54117719999.999985,490751999.99998474,63.702739726012666
1716.1712328767119,54121175999.999985,494207999.99998474,67.35205479450572
1716.2808219178078,54124631999.999985,497663999.99998474,71.00136986299876
1716.3904109589037,54128087999.999985,501119999.99998474,74.65068493149181
1716.4999999999995,54131543999.999985,504575999.99998474,78.29999999998486
1716.6095890410954,54134999999.999985,508031999.99998474,81.22602739724805
1716.7191780821913,54138455999.999985,511487999.99998474,84.15205479450823
1716.8287671232872,54141911999.999985,514943999.99998474,87.07808219176843
1716.938356164383,54145367999.999985,518399999.99998474,90.00410958902862
1717.047945205479,54148823999.999985,521855999.99998474,92.93013698628882
1717.1575342465749,54152279999.999985,525311999.99998474,95.856164383549
1717.2671232876708,54155735999.999985,528767999.99998474,98.7821917808092
1717.3767123287666,54159191999.99998,532223999.9999771,101.70821917806938
1717.4863013698625,54162647999.99998,535679999.9999771,104.63424657532957
1717.5958904109584,54166103999.99998,539135999.9999771,104.52054794520791
1717.7054794520543,54169559999.99998,542591999.9999771,103.97260273972847
1717.8150684931502,54173015999.99998,546047999.9999771,103.42465753424904
1717.924657534246,54176471999.99998,549503999.9999771,102.8767123287696
1718.034246575342,54179927999.99998,552959999.9999771,102.32876712329016
1718.1438356164379,54183383999.99998,556415999.9999771,101.78082191781073
1718.2534246575337,54186839999.99998,559871999.9999771,101.23287671233129
1718.3630136986296,54190295999.99998,563327999.9999771,100.68493150685185
1718.4726027397255,54193751999.99998,566783999.9999771,100.13698630137242
1718.5821917808214,54197207999.99998,570239999.9999771,97.12328767125086
1718.6917808219173,54200663999.99998,573695999.9999771,93.28767123289481
1718.8013698630132,54204119999.99998,577151999.9999771,89.45205479453875
1718.910958904109,54207575999.99998,580607999.9999771,85.6164383561827
1719.020547945205,54211031999.99998,584063999.9999771,81.78082191782664
1719.1301369863008,54214487999.99998,587519999.9999771,77.94520547947059
1719.2397260273967,54217943999.99998,590975999.9999771,74.10958904111453
1719.3493150684926,54221399999.99998,594431999.9999771,70.27397260275848
1719.4589041095885,54224855999.99998,597887999.9999771,66.43835616440242
1719.5684931506844,54228311999.99998,601343999.9999771,63.74657534247567
1719.6780821917803,54231767999.99998,604799999.9999771,61.74109589042094
1719.7876712328762,54235223999.99998,608255999.9999771,59.73561643836619
1719.897260273972,54238679999.99998,611711999.9999771,57.73013698631146
1720.006849315068,54242135999.99998,615167999.9999771,55.72465753425672
1720.1164383561638,54245591999.99998,618623999.9999771,53.719178082201985
1720.2260273972597,54249047999.99998,622079999.9999771,51.71369863014725
1720.3356164383556,54252503999.99998,625535999.9999771,49.70821917809251
1720.4452054794515,54255959999.99998,628991999.9999771,47.70273972603778
1720.5547945205474,54259415999.99998,632447999.9999771,46.513698630138926
1720.6643835616433,54262871999.99998,635903999.9999771,46.141095890412906
1720.7739726027391,54266327999.99998,639359999.9999771,45.76849315068689
1720.883561643835,54269783999.99998,642815999.9999771,45.395890410960874
1720.993150684931,54273239999.99998,646271999.9999771,45.023287671234854
1721.1027397260268,54276695999.99998,649727999.9999771,44.65068493150884
1721.2123287671227,54280151999.99998,653183999.9999771,44.27808219178282
1721.3219178082186,54283607999.99998,656639999.9999771,43.9054794520568
1721.4315068493145,54287063999.99998,660095999.9999771,43.53287671233079
1721.5410958904104,54290519999.99998,663551999.9999771,43.028767123291615
1721.6506849315062,54293975999.99998,667007999.9999771,42.30547945205876
1721.7602739726021,54297431999.99998,670463999.9999771,41.5821917808259
1721.869863013698,54300887999.99998,673919999.9999771,40.85890410959305
1721.979452054794,54304343999.99998,677375999.9999771,40.135616438360195
1722.0890410958898,54307799999.99998,680831999.9999771,39.412328767127335
1722.1986301369857,54311255999.99998,684287999.9999771,38.68904109589448
1722.3082191780816,54314711999.99998,687743999.9999771,37.96575342466163
1722.4178082191775,54318167999.99998,691199999.9999771,37.242465753428775
1722.5273972602733,54321623999.99998,694655999.9999771,36.19589041097043
1722.6369863013692,54325079999.99998,698111999.9999771,34.1794520548061
1722.7465753424651,54328535999.99998,701567999.9999771,32.16301369864178
1722.856164383561,54331991999.99998,705023999.9999771,30.146575342477448
1722.965753424657,54335447999.99998,708479999.9999771,28.13013698631312
1723.0753424657528,54338903999.99998,711935999.9999771,26.113698630148797
1723.1849315068487,54342359999.99998,715391999.9999771,24.097260273984467
1723.2945205479446,54345815999.99998,718847999.9999771,22.08082191782014
1723.4041095890404,54349271999.99998,722303999.9999771,20.064383561655813
1723.5136986301363,54352727999.99998,725759999.9999771,18.528767123276747
1723.6232876712322,54356183999.99998,729215999.9999771,20.358904109578067
1723.732876712328,54359639999.99998,732671999.9999771,22.189041095879382
1723.842465753424,54363095999.99998,736127999.9999771,24.0191780821807
1723.9520547945199,54366551999.99998,739583999.9999771,25.84931506848202
1724.0616438356158,54370007999.99998,743039999.9999771,27.67945205478334
1724.1712328767117,54373463999.99998,746495999.9999771,29.509589041084656
1724.2808219178075,54376919999.99998,749951999.9999771,31.33972602738597
1724.3904109589034,54380375999.99998,753407999.9999771,33.16986301368729
1724.4999999999993,54383831999.99998,756863999.9999771,34.99999999998861
1724.6095890410952,54387287999.99998,760319999.9999771,38.47397260271801
1724.719178082191,54390743999.99998,763775999.9999771,41.94794520545763
1724.828767123287,54394199999.99998,767231999.9999771,45.42191780819726
1724.9383561643829,54397655999.99998,770687999.9999771,48.895890410936886
1725.0479452054788,54401111999.99998,774143999.9999771,52.369863013676515
1725.1575342465746,54404567999.99998,777599999.9999771,55.84383561641614
1725.2671232876705,54408023999.99998,781055999.9999771,59.317808219155765
1725.3767123287664,54411479999.99998,784511999.9999771,62.7917808218954
1725.4863013698623,54414935999.99998,787967999.9999771,66.26575342463502
1725.5958904109582,54418391999.99998,791423999.9999771,72.76986301365348
1725.705479452054,54421847999.99998,794879999.9999771,79.70684931502315
1725.81506849315,54425303999.99998,798335999.9999771,86.6438356163928
1725.9246575342459,54428759999.99998,801791999.9999771,93.58082191776248
1726.0342465753417,54432215999.99998,805247999.9999771,100.51780821913215
1726.1438356164376,54435671999.99998,808703999.9999771,107.45479452050182
1726.2534246575335,54439127999.99998,812159999.9999771,114.39178082187148
1726.3630136986294,54442583999.99998,815615999.9999771,121.32876712324114
1726.4726027397253,54446039999.99998,819071999.9999771,128.2657534246108
1726.5821917808212,54449495999.99998,822527999.9999771,136.02465753419224
1726.691780821917,54452951999.99998,825983999.9999771,144.0575342465208
1726.801369863013,54456407999.99998,829439999.9999771,152.0904109588493
1726.9109589041088,54459863999.99998,832895999.9999771,160.12328767117785
1727.0205479452047,54463319999.99998,836351999.9999771,168.1561643835064
1727.1301369863006,54466775999.99998,839807999.9999771,176.18904109583494
1727.2397260273965,54470231999.99998,843263999.9999771,184.22191780816348
1727.3493150684924,54473687999.99998,846719999.9999771,192.25479452049203
1727.4589041095883,54477143999.99998,850175999.9999771,200.28767123282057
1727.5684931506842,54480599999.99998,853631999.9999771,201.13561643838048
1727.67808219178,54484055999.99998,857087999.9999771,197.67260273975043
1727.787671232876,54487511999.99998,860543999.9999771,194.2095890411204
1727.8972602739718,54490967999.99998,863999999.9999771,190.74657534249036
1728.0068493150677,54494423999.99998,867455999.9999771,187.2835616438603
1728.1164383561636,54497879999.99998,870911999.9999771,183.8205479452303
1728.2260273972595,54501335999.99998,874367999.9999771,180.35753424660024
1728.3356164383554,54504791999.99998,877823999.9999771,176.8945205479702
1728.4452054794513,54508247999.99998,881279999.9999771,173.43150684934017
1728.5547945205471,54511703999.99998,884735999.9999771,168.9602739726426
1728.664383561643,54515159999.99997,888191999.9999695,163.48082191784823
1728.773972602739,54518615999.99997,891647999.9999695,158.00136986305387
1728.8835616438348,54522071999.99997,895103999.9999695,152.5219178082595
1728.9931506849307,54525527999.99997,898559999.9999695,147.04246575346514
1729.1027397260266,54528983999.99997,902015999.9999695,141.56301369867077
1729.2123287671225,54532439999.99997,905471999.9999695,136.0835616438764
1729.3219178082184,54535895999.99997,908927999.9999695,130.60410958908204
1729.4315068493142,54539351999.99997,912383999.9999695,125.12465753428769
1729.5410958904101,54542807999.99997,915839999.9999695,119.9164383562002
1729.650684931506,54546263999.99997,919295999.9999695,115.1602739726387
1729.760273972602,54549719999.99997,922751999.9999695,110.4041095890772
1729.8698630136978,54553175999.99997,926207999.9999695,105.64794520551568
1729.9794520547937,54556631999.99997,929663999.9999695,100.89178082195417
1730.0890410958896,54560087999.99997,933119999.9999695,96.13561643839266
1730.1986301369855,54563543999.99997,936575999.9999695,91.37945205483115
1730.3082191780813,54566999999.99997,940031999.9999695,86.62328767126965
1730.4178082191772,54570455999.99997,943487999.9999695,81.86712328770813
1730.5273972602731,54573911999.99997,946943999.9999695,77.75205479453761
1730.636986301369,54577367999.99997,950399999.9999695,75.56027397261987
1730.746575342465,54580823999.99997,953855999.9999695,73.36849315070212
1730.8561643835608,54584279999.99997,957311999.9999695,71.17671232878438
1730.9657534246567,54587735999.99997,960767999.9999695,68.98493150686663
1731.0753424657526,54591191999.99997,964223999.9999695,66.79315068494888
1731.1849315068484,54594647999.99997,967679999.9999695,64.60136986303114
1731.2945205479443,54598103999.99997,971135999.9999695,62.40958904111339
1731.4041095890402,54601559999.99997,974591999.9999695,60.217808219195646
1731.513698630136,54605015999.99997,978047999.9999695,57.752054794555804
1731.623287671232,54608471999.99997,981503999.9999695,53.36849315072031
1731.7328767123279,54611927999.99997,984959999.9999695,48.98493150688482
1731.8424657534238,54615383999.99997,988415999.9999695,44.60136986304933
1731.9520547945197,54618839999.99997,991871999.9999695,40.217808219213836
1732.0616438356155,54622295999.99997,995327999.9999695,35.834246575378344
1732.1712328767114,54625751999.99997,998783999.9999695,31.450684931542852
1732.2808219178073,54629207999.99997,1002239999.9999695,27.06712328770736
1732.3904109589032,54632663999.99997,1005695999.9999695,22.68356164387187
1732.499999999999,54636119999.99997,1009151999.9999695,18.300000000036377
1732.609589041095,54639575999.99997,1012607999.9999695,17.204109589050223
1732.7191780821909,54643031999.99997,1016063999.9999695,16.10821917809135
1732.8287671232868,54646487999.99997,1019519999.9999695,15.012328767132477
1732.9383561643826,54649943999.99997,1022975999.9999695,13.916438356173604
1733.0479452054785,54653399999.99997,1026431999.9999695,12.82054794521473
1733.1575342465744,54656855999.99997,1029887999.9999695,11.724657534255858
1733.2671232876703,54660311999.99997,1033343999.9999695,10.628767123296985
1733.3767123287662,54663767999.99997,1036799999.9999695,9.532876712338112
1733.486301369862,54667223999.99997,1040255999.9999695,8.436986301379239
1733.595890410958,54670679999.99997,1043711999.9999695,10.064383561626528
1733.7054794520539,54674135999.99997,1047167999.9999695,12.080821917790855
1733.8150684931497,54677591999.99997,1050623999.9999695,14.09726027395518
1733.9246575342456,54681047999.99997,1054079999.9999695,16.113698630119508
1734.0342465753415,54684503999.99997,1057535999.9999695,18.130136986283834
1734.1438356164374,54687959999.99997,1060991999.9999695,20.14657534244816
1734.2534246575333,54691415999.99997,1064447999.9999695,22.163013698612485
1734.3630136986292,54694871999.99997,1067903999.9999695,24.17945205477681
1734.472602739725,54698327999.99997,1071359999.9999695,26.195890410941136
1734.582191780821,54701783999.99997,1074815999.9999695,29.165753424628473
1734.6917808219168,54705239999.99997,1078271999.9999695,32.453424657505096
1734.8013698630127,54708695999.99997,1081727999.9999695,35.741095890381715
1734.9109589041086,54712151999.99997,1085183999.9999695,39.02876712325833
1735.0205479452045,54715607999.99997,1088639999.9999695,42.31643835613495
1735.1301369863004,54719063999.99997,1092095999.9999695,45.60410958901157
1735.2397260273963,54722519999.99997,1095551999.9999695,48.89178082188819
1735.3493150684922,54725975999.99997,1099007999.9999695,52.17945205476481
1735.458904109588,54729431999.99997,1102463999.9999695,55.46712328764143
1735.568493150684,54732887999.99997,1105919999.9999695,60.80958904103609
1735.6780821917798,54736343999.99997,1109375999.9999695,67.38493150678933
1735.7876712328757,54739799999.99997,1112831999.9999695,73.96027397254257
1735.8972602739716,54743255999.99997,1116287999.9999695,80.5356164382958
1736.0068493150675,54746711999.99997,1119743999.9999695,87.11095890404904
1736.1164383561634,54750167999.99997,1123199999.9999695,93.68630136980228
1736.2260273972593,54753623999.99997,1126655999.9999695,100.26164383555552
1736.3356164383551,54757079999.99997,1130111999.9999695,106.83698630130876
1736.445205479451,54760535999.99997,1133567999.9999695,113.412328767062
1736.554794520547,54763991999.99997,1137023999.9999695,117.70273972600864
1736.6643835616428,54767447999.99997,1140479999.9999695,119.70821917806339
1736.7739726027387,54770903999.99997,1143935999.9999695,121.71369863011812
1736.8835616438346,54774359999.99997,1147391999.9999695,123.71917808217286
1736.9931506849305,54777815999.99997,1150847999.9999695,125.72465753422759
1737.1027397260264,54781271999.99997,1154303999.9999695,127.73013698628233
1737.2123287671222,54784727999.99997,1157759999.9999695,129.73561643833708
1737.3219178082181,54788183999.99997,1161215999.9999695,131.74109589039182
1737.431506849314,54791639999.99997,1164671999.9999695,133.74657534244653
1737.54109589041,54795095999.99997,1168127999.9999695,137.0547945204953
1737.6506849315058,54798551999.99997,1171583999.9999695,142.53424657528967
1737.7602739726017,54802007999.99997,1175039999.9999695,148.01369863008404
1737.8698630136976,54805463999.99997,1178495999.9999695,153.4931506848784
1737.9794520547935,54808919999.99997,1181951999.9999695,158.97260273967277
1738.0890410958893,54812375999.99997,1185407999.9999695,164.45205479446713
1738.1986301369852,54815831999.99997,1188863999.9999695,169.9315068492615
1738.3082191780811,54819287999.99997,1192319999.9999695,175.41095890405586
1738.417808219177,54822743999.99997,1195775999.9999695,180.89041095885023
1738.527397260273,54826199999.99997,1199231999.9999695,184.5424657534427
1738.6369863013688,54829655999.99997,1202687999.9999695,182.7123287671414
1738.7465753424647,54833111999.99997,1206143999.9999695,180.88219178084006
1738.8561643835606,54836567999.99997,1209599999.9999695,179.05205479453875
1738.9657534246564,54840023999.99997,1213055999.9999695,177.22191780823744
1739.0753424657523,54843479999.99997,1216511999.9999695,175.39178082193612
1739.1849315068482,54846935999.99997,1219967999.9999695,173.5616438356348
1739.294520547944,54850391999.99997,1223423999.9999695,171.7315068493335
1739.40410958904,54853847999.99997,1226879999.9999695,169.9013698630322
1739.5136986301359,54857303999.99997,1230335999.9999695,167.66164383566812
1739.6232876712318,54860759999.99997,1233791999.9999695,162.55479452059978
1739.7328767123277,54864215999.99997,1237247999.9999695,157.44794520553143
1739.8424657534235,54867671999.999954,1240703999.9999542,152.34109589046307
1739.9520547945194,54871127999.999954,1244159999.9999542,147.23424657539474
1740.0616438356153,54874583999.999954,1247615999.9999542,142.12739726032638
1740.1712328767112,54878039999.999954,1251071999.9999542,137.02054794525802
1740.280821917807,54881495999.999954,1254527999.9999542,131.91369863018969
1740.390410958903,54884951999.999954,1257983999.9999542,126.80684931512133
1740.4999999999989,54888407999.999954,1261439999.9999542,121.70000000005298
1740.6095890410948,54891863999.999954,1264895999.9999542,115.67260273978873
1740.7191780821906,54895319999.999954,1268351999.9999542,109.64520547951493
1740.8287671232865,54898775999.999954,1271807999.9999542,103.61780821924113
1740.9383561643824,54902231999.999954,1275263999.9999542,97.59041095896733
1741.0479452054783,54905687999.999954,1278719999.9999542,91.56301369869352
1741.1575342465742,54909143999.999954,1282175999.9999542,85.53561643841972
1741.26712328767,54912599999.999954,1285631999.9999542,79.50821917814592
1741.376712328766,54916055999.999954,1289087999.9999542,73.48082191787212
1741.4863013698618,54919511999.999954,1292543999.9999542,67.45342465759832
1741.5958904109577,54922967999.999954,1295999999.9999542,63.497260274011616
1741.7054794520536,54926423999.999954,1299455999.9999542,59.83698630140898
1741.8150684931495,54929879999.999954,1302911999.9999542,56.176712328806346
1741.9246575342454,54933335999.999954,1306367999.9999542,52.51643835620371
1742.0342465753413,54936791999.999954,1309823999.9999542,48.85616438360107
1742.1438356164372,54940247999.999954,1313279999.9999542,45.19589041099843
1742.253424657533,54943703999.999954,1316735999.9999542,41.5356164383958
1742.363013698629,54947159999.999954,1320191999.9999542,37.87534246579317
1742.4726027397248,54950615999.999954,1323647999.9999542,34.21506849319053
1742.5821917808207,54954071999.999954,1327103999.9999542,32.75753424658323
1742.6917808219166,54957527999.999954,1330559999.9999542,32.03424657535038
1742.8013698630125,54960983999.999954,1334015999.9999542,31.310958904117523
1742.9109589041084,54964439999.999954,1337471999.9999542,30.587671232884666
1743.0205479452043,54967895999.999954,1340927999.9999542,29.86438356165181
1743.1301369863002,54971351999.999954,1344383999.9999542,29.141095890418953
1743.239726027396,54974807999.999954,1347839999.9999542,28.4178082191861
1743.349315068492,54978263999.999954,1351295999.9999542,27.694520547953243
1743.4589041095878,54981719999.999954,1354751999.9999542,26.971232876720386
1743.5684931506837,54985175999.999954,1358207999.9999542,25.439726027419784
1743.6780821917796,54988631999.999954,1361663999.9999542,23.42328767125546
1743.7876712328755,54992087999.999954,1365119999.9999542,21.40684931509113
1743.8972602739714,54995543999.999954,1368575999.9999542,19.390410958926804
1744.0068493150673,54998999999.999954,1372031999.9999542,17.37397260276248
1744.1164383561631,55002455999.999954,1375487999.9999542,15.357534246598153
1744.226027397259,55005911999.999954,1378943999.9999542,13.341095890433825
1744.335616438355,55009367999.999954,1382399999.9999542,11.3246575342695
1744.4452054794508,55012823999.999954,1385855999.9999542,9.308219178105173
1744.5547945205467,55016279999.999954,1389311999.9999542,8.847945205466932
1744.6643835616426,55019735999.999954,1392767999.9999542,9.943835616425805
1744.7739726027385,55023191999.999954,1396223999.9999542,11.039726027384678
1744.8835616438344,55026647999.999954,1399679999.9999542,12.13561643834355
1744.9931506849302,55030103999.999954,1403135999.9999542,13.231506849302423
1745.1027397260261,55033559999.999954,1406591999.9999542,14.327397260261296
1745.212328767122,55037015999.999954,1410047999.9999542,15.42328767122017
1745.321917808218,55040471999.999954,1413503999.9999542,16.519178082179042
1745.4315068493138,55043927999.999954,1416959999.9999542,17.615068493137915
1745.5410958904097,55047383999.999954,1420415999.9999542,19.05616438353809
1745.6506849315056,55050839999.999954,1423871999.9999542,21.07260273970242
1745.7602739726015,55054295999.999954,1427327999.9999542,23.089041095866744
1745.8698630136973,55057751999.999954,1430783999.9999542,25.10547945203107
1745.9794520547932,55061207999.999954,1434239999.9999542,27.1219178081954
1746.0890410958891,55064663999.999954,1437695999.9999542,29.13835616435972
1746.198630136985,55068119999.999954,1441151999.9999542,31.15479452052405
1746.308219178081,55071575999.999954,1444607999.9999542,33.17123287668838
1746.4178082191768,55075031999.999954,1448063999.9999542,35.1876712328527
1746.5273972602727,55078487999.999954,1451519999.9999542,37.521917808179936
1746.6369863013686,55081943999.999954,1454975999.9999542,40.809589041056554
1746.7465753424644,55085399999.999954,1458431999.9999542,44.09726027393317
1746.8561643835603,55088855999.999954,1461887999.9999542,47.38493150680979
1746.9657534246562,55092311999.999954,1465343999.9999542,50.67260273968641
1747.075342465752,55095767999.999954,1468799999.9999542,53.96027397256303
1747.184931506848,55099223999.999954,1472255999.9999542,57.24794520543965
1747.2945205479439,55102679999.999954,1475711999.9999542,60.53561643831627
1747.4041095890398,55106135999.999954,1479167999.9999542,63.82328767119289
1747.5136986301357,55109591999.999954,1482623999.9999542,67.15616438351715
1747.6232876712315,55113047999.999954,1486079999.9999542,70.8054794520102
1747.7328767123274,55116503999.999954,1489535999.9999542,74.45479452050324
1747.8424657534233,55119959999.999954,1492991999.9999542,78.1041095889963
1747.9520547945192,55123415999.999954,1496447999.9999542,81.75342465748933
1748.061643835615,55126871999.999954,1499903999.9999542,85.40273972598239
1748.171232876711,55130327999.999954,1503359999.9999542,89.05205479447542
1748.2808219178069,55133783999.999954,1506815999.9999542,92.70136986296848
1748.3904109589027,55137239999.999954,1510271999.9999542,96.35068493146153
1748.4999999999986,55140695999.999954,1513727999.9999542,99.99999999995457
1748.6095890410945,55144151999.999954,1517183999.9999542,103.8136986300894
1748.7191780821904,55147607999.999954,1520639999.9999542,107.62739726022629
1748.8287671232863,55151063999.999954,1524095999.9999542,111.44109589036316
1748.9383561643822,55154519999.999954,1527551999.9999542,115.25479452050004
1749.047945205478,55157975999.999954,1531007999.9999542,119.06849315063693
1749.157534246574,55161431999.999954,1534463999.9999542,122.8821917807738
1749.2671232876698,55164887999.999954,1537919999.9999542,126.69589041091068
1749.3767123287657,55168343999.999954,1541375999.9999542,130.50958904104755
1749.4863013698616,55171799999.999954,1544831999.9999542,134.32328767118443
1749.5958904109575,55175255999.999954,1548287999.9999542,135.20273972602155
1749.7054794520534,55178711999.999954,1551743999.9999542,135.66301369862427
1749.8150684931493,55182167999.999954,1555199999.9999542,136.123287671227
1749.9246575342452,55185623999.999954,1558655999.9999542,136.5835616438297
1750.034246575341,55189079999.999954,1562111999.9999542,137.04383561643246
1750.143835616437,55192535999.999954,1565567999.9999542,137.50410958903518
1750.2534246575328,55195991999.999954,1569023999.9999542,137.9643835616379
1750.3630136986287,55199447999.999954,1572479999.9999542,138.42465753424062
1750.4726027397246,55202903999.999954,1575935999.9999542,138.88493150684334
1750.5821917808205,55206359999.999954,1579391999.9999542,134.10958904118058
1750.6917808219164,55209815999.999954,1582847999.9999542,127.58904109597529
1750.8013698630123,55213271999.999954,1586303999.9999542,121.06849315077
1750.9109589041082,55216727999.999954,1589759999.9999542,114.5479452055647
1751.020547945204,55220183999.99994,1593215999.999939,108.02739726035941
1751.1301369863,55223639999.99994,1596671999.999939,101.50684931515411
1751.2397260273958,55227095999.99994,1600127999.999939,94.98630136994882
1751.3493150684917,55230551999.99994,1603583999.999939,88.46575342474353
1751.4589041095876,55234007999.99994,1607039999.999939,81.94520547953823
1751.5684931506835,55237463999.99994,1610495999.999939,79.5136986301367
1751.6780821917794,55240919999.99994,1613951999.999939,79.53561643835587
1751.7876712328753,55244375999.99994,1617407999.999939,79.55753424657505
1751.8972602739711,55247831999.99994,1620863999.999939,79.57945205479423
1752.006849315067,55251287999.99994,1624319999.999939,79.6013698630134
1752.116438356163,55254743999.99994,1627775999.999939,79.62328767123259
1752.2260273972588,55258199999.99994,1631231999.999939,79.64520547945176
1752.3356164383547,55261655999.99994,1634687999.999939,79.66712328767095
1752.4452054794506,55265111999.99994,1638143999.999939,79.68904109589012
1752.5547945205465,55268567999.99994,1641599999.999939,78.13835616442573
1752.6643835616424,55272023999.99994,1645055999.999939,75.01506849319294
1752.7739726027382,55275479999.99994,1648511999.999939,71.89178082196015
1752.8835616438341,55278935999.99994,1651967999.999939,68.76849315072737
1752.99315068493,55282391999.99994,1655423999.999939,65.64520547949458
1753.102739726026,55285847999.99994,1658879999.999939,62.52191780826179
1753.2123287671218,55289303999.99994,1662335999.999939,59.398630137029
1753.3219178082177,55292759999.99994,1665791999.999939,56.275342465796214
1753.4315068493136,55296215999.99994,1669247999.999939,53.152054794563426
1753.5410958904095,55299671999.99994,1672703999.999939,49.930136986347954
1753.6506849315053,55303127999.99994,1676159999.999939,46.54383561648504
1753.7602739726012,55306583999.99994,1679615999.999939,43.15753424662212
1753.869863013697,55310039999.99994,1683071999.999939,39.7712328767592
1753.979452054793,55313495999.99994,1686527999.999939,36.38493150689629
1754.089041095889,55316951999.99994,1689983999.999939,32.998630137033366
1754.1986301369848,55320407999.99994,1693439999.999939,29.61232876717045
1754.3082191780807,55323863999.99994,1696895999.999939,26.226027397307533
1754.4178082191765,55327319999.99994,1700351999.999939,22.839726027444613
1754.5273972602724,55330775999.99994,1703807999.999939,20.18219178082852
1754.6369863013683,55334231999.99994,1707263999.999939,19.710958904116207
1754.7465753424642,55337687999.99994,1710719999.999939,19.23972602740389
1754.85616438356,55341143999.99994,1714175999.999939,18.768493150691576
1754.965753424656,55344599999.99994,1717631999.999939,18.29726027397926
1755.0753424657519,55348055999.99994,1721087999.999939,17.826027397266945
1755.1849315068478,55351511999.99994,1724543999.999939,17.354794520554627
1755.2945205479436,55354967999.99994,1727999999.999939,16.883561643842313
1755.4041095890395,55358423999.99994,1731455999.999939,16.41232876713
1755.5136986301354,55361879999.99994,1734911999.999939,16.013698630135423
1755.6232876712313,55365335999.99994,1738367999.999939,16.12328767123131
1755.7328767123272,55368791999.99994,1741823999.999939,16.232876712327197
1755.842465753423,55372247999.99994,1745279999.999939,16.342465753423085
1755.952054794519,55375703999.99994,1748735999.999939,16.452054794518972
1756.0616438356149,55379159999.99994,1752191999.999939,16.56164383561486
1756.1712328767107,55382615999.99994,1755647999.999939,16.671232876710746
1756.2808219178066,55386071999.99994,1759103999.999939,16.780821917806634
1756.3904109589025,55389527999.99994,1762559999.999939,16.89041095890252
1756.4999999999984,55392983999.99994,1766015999.999939,16.99999999999841
1756.6095890410943,55396439999.99994,1769471999.999939,21.05479452048894
1756.7191780821902,55399895999.99994,1772927999.999939,25.10958904103677
1756.828767123286,55403351999.99994,1776383999.999939,29.1643835615846
1756.938356164382,55406807999.99994,1779839999.999939,33.21917808213243
1757.0479452054778,55410263999.99994,1783295999.999939,37.27397260268026
1757.1575342465737,55413719999.99994,1786751999.999939,41.32876712322809
1757.2671232876696,55417175999.99994,1790207999.999939,45.38356164377592
1757.3767123287655,55420631999.99994,1793663999.999939,49.43835616432375
1757.4863013698614,55424087999.99994,1797119999.999939,53.49315068487158
1757.5958904109573,55427543999.99994,1800575999.999939,56.426027397219215
1757.7054794520532,55430999999.99994,1804031999.999939,59.19863013694517
1757.815068493149,55434455999.99994,1807487999.999939,61.97123287667112
1757.924657534245,55437911999.99994,1810943999.999939,64.74383561639706
1758.0342465753408,55441367999.99994,1814399999.999939,67.51643835612302
1758.1438356164367,55444823999.99994,1817855999.999939,70.28904109584896
1758.2534246575326,55448279999.99994,1821311999.999939,73.06164383557491
1758.3630136986285,55451735999.99994,1824767999.999939,75.83424657530085
1758.4726027397244,55455191999.99994,1828223999.999939,78.6068493150268
1758.5821917808203,55458647999.99994,1831679999.999939,80.17945205477686
1758.6917808219162,55462103999.99994,1835135999.999939,81.35205479450285
1758.801369863012,55465559999.99994,1838591999.999939,82.52465753422884
1758.910958904108,55469015999.99994,1842047999.999939,83.69726027395484
1759.0205479452038,55472471999.99994,1845503999.999939,84.86986301368083
1759.1301369862997,55475927999.99994,1848959999.999939,86.04246575340683
1759.2397260273956,55479383999.99994,1852415999.999939,87.21506849313282
1759.3493150684915,55482839999.99994,1855871999.999939,88.38767123285882
1759.4589041095874,55486295999.99994,1859327999.999939,89.56027397258481
1759.5684931506833,55489751999.99994,1862783999.999939,91.01369863011215
1759.6780821917791,55493207999.99994,1866239999.999939,92.63561643833127
1759.787671232875,55496663999.99994,1869695999.999939,94.2575342465504
1759.897260273971,55500119999.99994,1873151999.999939,95.87945205476953
1760.0068493150668,55503575999.99994,1876607999.999939,97.50136986298867
1760.1164383561627,55507031999.99994,1880063999.999939,99.1232876712078
1760.2260273972586,55510487999.99994,1883519999.999939,100.74520547942693
1760.3356164383545,55513943999.99994,1886975999.999939,102.36712328764607
1760.4452054794504,55517399999.99994,1890431999.999939,103.98904109586519
1760.5547945205462,55520855999.99994,1893887999.999939,106.90410958897554
1760.6643835616421,55524311999.99994,1897343999.999939,111.11232876705762
1760.773972602738,55527767999.99994,1900799999.999939,115.3205479451397
1760.883561643834,55531223999.99994,1904255999.999939,119.52876712322177
1760.9931506849298,55534679999.99994,1907711999.999939,123.73698630130383
1761.1027397260257,55538135999.99994,1911167999.999939,127.9452054793859
1761.2123287671216,55541591999.99994,1914623999.999939,132.15342465746798
1761.3219178082174,55545047999.99994,1918079999.999939,136.36164383555004
1761.4315068493133,55548503999.99994,1921535999.999939,140.56986301363213
1761.5410958904092,55551959999.99994,1924991999.999939,141.50684931513996
1761.650684931505,55555415999.99994,1928447999.999939,136.9917808219894
1761.760273972601,55558871999.99994,1931903999.999939,132.47671232883886
1761.8698630136969,55562327999.99994,1935359999.999939,127.96164383568829
1761.9794520547928,55565783999.99994,1938815999.999939,123.44657534253774
1762.0890410958887,55569239999.99994,1942271999.999939,118.93150684938718
1762.1986301369845,55572695999.99994,1945727999.999939,114.41643835623663
1762.3082191780804,55576151999.99994,1949183999.999939,109.90136986308607
1762.4178082191763,55579607999.99994,1952639999.999939,105.38630136993552
1762.5273972602722,55583063999.99994,1956095999.999939,101.26575342470478
1762.636986301368,55586519999.99994,1959551999.999939,98.328767123335
1762.746575342464,55589975999.99994,1963007999.999939,95.39178082196523
1762.8561643835599,55593431999.99994,1966463999.999939,92.45479452059544
1762.9657534246558,55596887999.99994,1969919999.999939,89.51780821922566
1763.0753424657516,55600343999.99994,1973375999.999939,86.58082191785589
1763.1849315068475,55603799999.99994,1976831999.999939,83.6438356164861
1763.2945205479434,55607255999.99994,1980287999.999939,80.70684931511633
1763.4041095890393,55610711999.99994,1983743999.999939,77.76986301374654
1763.5136986301352,55614167999.99994,1987199999.999939,75.00136986303967
1763.623287671231,55617623999.99994,1990655999.999939,73.4123287671493
1763.732876712327,55621079999.99994,1994111999.999939,71.82328767125894
1763.8424657534229,55624535999.99994,1997567999.999939,70.23424657536857
1763.9520547945187,55627991999.99994,2001023999.999939,68.64520547947821
1764.0616438356146,55631447999.99994,2004479999.999939,67.05616438358784
1764.1712328767105,55634903999.99994,2007935999.999939,65.46712328769748
1764.2808219178064,55638359999.99994,2011391999.999939,63.87808219180711
1764.3904109589023,55641815999.99994,2014847999.999939,62.289041095916744
1764.4999999999982,55645271999.99994,2018303999.999939,60.70000000002638
1764.609589041094,55648727999.99994,2021759999.999939,57.861643835663635
1764.71917808219,55652183999.99994,2025215999.999939,55.02328767128015
1764.8287671232858,55655639999.99994,2028671999.999939,52.18493150689667
1764.9383561643817,55659095999.99994,2032127999.999939,49.34657534251319
1765.0479452054776,55662551999.99994,2035583999.999939,46.50821917812971
1765.1575342465735,55666007999.99994,2039039999.999939,43.66986301374622
1765.2671232876694,55669463999.99994,2042495999.999939,40.83150684936274
1765.3767123287653,55672919999.99994,2045951999.999939,37.99315068497926
1765.4863013698612,55676375999.99994,2049407999.999939,35.15479452059578
1765.595890410957,55679831999.99994,2052863999.999939,33.28493150687854
1765.705479452053,55683287999.99994,2056319999.999939,31.553424657563525
1765.8150684931488,55686743999.99994,2059775999.999939,29.821917808248507
1765.9246575342447,55690199999.99994,2063231999.999939,28.09041095893349
1766.0342465753406,55693655999.99994,2066687999.999939,26.358904109618468
1766.1438356164365,55697111999.99994,2070143999.999939,24.62739726030345
1766.2534246575324,55700567999.99994,2073599999.999939,22.89589041098843
1766.3630136986283,55704023999.99994,2077055999.999939,21.16438356167341
1766.4726027397242,55707479999.99994,2080511999.999939,19.432876712358393
1766.58219178082,55710935999.99994,2083967999.999939,22.616438356081744
1766.691780821916,55714391999.99994,2087423999.999939,27.438356164300785
1766.8013698630118,55717847999.99994,2090879999.999939,32.260273972519826
1766.9109589041077,55721303999.99994,2094335999.999939,37.08219178073887
1767.0205479452036,55724759999.99994,2097791999.999939,41.90410958895791
1767.1301369862995,55728215999.99994,2101247999.999939,46.72602739717695
1767.2397260273954,55731671999.99994,2104703999.999939,51.54794520539599
1767.3493150684913,55735127999.99994,2108159999.999939,56.36986301361503
1767.4589041095871,55738583999.99994,2111615999.999939,61.19178082183407
1767.568493150683,55742039999.99994,2115071999.999939,66.65068493140525
1767.678082191779,55745495999.99994,2118527999.999939,72.49178082181604
1767.7876712328748,55748951999.99994,2121983999.999939,78.33287671222683
1767.8972602739707,55752407999.99994,2125439999.999939,84.17397260263763
1768.0068493150666,55755863999.99994,2128895999.999939,90.01506849304842
1768.1164383561625,55759319999.99994,2132351999.999939,95.8561643834592
1768.2260273972583,55762775999.99994,2135807999.999939,101.69726027387
1768.3356164383542,55766231999.99994,2139263999.999939,107.5383561642808
1768.4452054794501,55769687999.99994,2142719999.999939,113.3794520546916
1768.554794520546,55773143999.99994,2146175999.999939,119.61506849303366
1768.664383561642,55776599999.99994,2149631999.999939,126.24520547933484
1768.7739726027378,55780055999.99994,2153087999.999939,132.87534246563604
1768.8835616438337,55783511999.99994,2156543999.999939,139.50547945193722
1768.9931506849296,55786967999.99994,2159999999.999939,146.1356164382384
1769.1027397260254,55790423999.99994,2163455999.999939,152.76575342453958
1769.2123287671213,55793879999.99994,2166911999.999939,159.39589041084076
1769.3219178082172,55797335999.99994,2170367999.999939,166.02602739714195
1769.431506849313,55800791999.99994,2173823999.999939,172.65616438344313
1769.541095890409,55804247999.99994,2177279999.999939,176.43835616440083
1769.6506849315049,55807703999.99994,2180735999.999939,175.47397260275704
1769.7602739726008,55811159999.99994,2184191999.999939,174.50958904111323
1769.8698630136967,55814615999.99994,2187647999.999939,173.54520547946942
1769.9794520547925,55818071999.99994,2191103999.999939,172.5808219178256
1770.0890410958884,55821527999.99994,2194559999.999939,171.6164383561818
1770.1986301369843,55824983999.99994,2198015999.999939,170.65205479453797
1770.3082191780802,55828439999.99994,2201471999.999939,169.68767123289416
1770.417808219176,55831895999.99994,2204927999.999939,168.72328767125038
1770.527397260272,55835351999.99994,2208383999.999939,167.12328767129657
1770.6369863013679,55838807999.99994,2211839999.999939,163.61643835622817
1770.7465753424638,55842263999.99994,2215295999.999939,160.10958904115978
1770.8561643835596,55845719999.99994,2218751999.999939,156.6027397260914
1770.9657534246555,55849175999.99994,2222207999.999939,153.095890411023
1771.0753424657514,55852631999.99994,2225663999.999939,149.5890410959546
1771.1849315068473,55856087999.99994,2229119999.999939,146.0821917808862
1771.2945205479432,55859543999.99994,2232575999.999939,142.5753424658178
1771.404109589039,55862999999.99994,2236031999.999939,139.06849315074942
1771.513698630135,55866455999.99994,2239487999.999939,135.6547945205988
1771.6232876712309,55869911999.99994,2242943999.999939,132.89315068498246
1771.7328767123267,55873367999.99994,2246399999.999939,130.13150684936608
1771.8424657534226,55876823999.99994,2249855999.999939,127.36986301374972
1771.9520547945185,55880279999.99994,2253311999.999939,124.60821917813337
1772.0616438356144,55883735999.99994,2256767999.999939,121.84657534251701
1772.1712328767103,55887191999.99994,2260223999.999939,119.08493150690065
1772.2808219178062,55890647999.99994,2263679999.999939,116.32328767128429
1772.390410958902,55894103999.99994,2267135999.999939,113.56164383566792
1772.499999999998,55897559999.99994,2270591999.999939,110.80000000005157
1772.6095890410938,55901015999.99994,2274047999.999939,105.0136986302452
1772.7191780821897,55904471999.99994,2277503999.999939,99.22739726038235
1772.8287671232856,55907927999.99994,2280959999.999939,93.4410958905195
1772.9383561643815,55911383999.99994,2284415999.999939,87.65479452065665
1773.0479452054774,55914839999.99994,2287871999.999939,81.8684931507938
1773.1575342465733,55918295999.99994,2291327999.999939,76.08219178093094
1773.2671232876692,55921751999.99994,2294783999.999939,70.2958904110681
1773.376712328765,55925207999.99994,2298239999.999939,64.50958904120526
1773.486301369861,55928663999.99994,2301695999.999939,58.723287671342405
1773.5958904109568,55932119999.99994,2305151999.999939,57.328767123302214
1773.7054794520527,55935575999.99994,2308607999.999939,56.561643835631
1773.8150684931486,55939031999.99994,2312063999.999939,55.79452054795979
1773.9246575342445,55942487999.99994,2315519999.999939,55.02739726028858
1774.0342465753404,55945943999.99994,2318975999.999939,54.26027397261737
1774.1438356164363,55949399999.99994,2322431999.999939,53.49315068494616
1774.2534246575322,55952855999.99994,2325887999.999939,52.72602739727495
1774.363013698628,55956311999.99994,2329343999.999939,51.958904109603736
1774.472602739724,55959767999.99994,2332799999.999939,51.191780821932525
1774.5821917808198,55963223999.99994,2336255999.999939,47.769863013781375
1774.6917808219157,55966679999.99994,2339711999.999939,43.463013698713006
1774.8013698630116,55970135999.99994,2343167999.999939,39.15616438364464
1774.9109589041075,55973591999.99994,2346623999.999939,34.84931506857627
1775.0205479452034,55977047999.99994,2350079999.999939,30.542465753507898
1775.1301369862992,55980503999.99994,2353535999.999939,26.235616438439525
1775.2397260273951,55983959999.99994,2356991999.999939,21.928767123371156
1775.349315068491,55987415999.99994,2360447999.999939,17.621917808302783
1775.458904109587,55990871999.99994,2363903999.999939,13.315068493234413
1775.5684931506828,55994327999.99994,2367359999.999939,13.158904109543595
1775.6780821917787,55997783999.99994,2370815999.999939,15.493150684885995
1775.7876712328746,56001239999.99994,2374271999.999939,17.827397260228395
1775.8972602739705,56004695999.99994,2377727999.999939,20.161643835570793
1776.0068493150663,56008151999.99994,2381183999.999939,22.49589041091319
1776.1164383561622,56011607999.99994,2384639999.999939,24.830136986255592
1776.2260273972581,56015063999.99994,2388095999.999939,27.164383561597994
1776.335616438354,56018519999.99994,2391551999.999939,29.498630136940392
1776.44520547945,56021975999.99994,2395007999.999939,31.83287671228279
1776.5547945205458,56025431999.99994,2398463999.999939,39.641095890148975
1776.6643835616417,56028887999.99994,2401919999.999939,52.92328767097051
1776.7739726027376,56032343999.99994,2405375999.999939,66.20547945179206
1776.8835616438334,56035799999.99994,2408831999.999939,79.4876712326136
1776.9931506849293,56039255999.99994,2412287999.999939,92.76986301343513
1777.1027397260252,56042711999.99994,2415743999.999939,106.05205479425666
1777.212328767121,56046167999.99994,2419199999.999939,119.33424657507821
1777.321917808217,56049623999.99994,2422655999.999939,132.61643835589973
1777.4315068493129,56053079999.99994,2426111999.999939,145.8986301367213
1777.5410958904088,56056535999.99994,2429567999.999939,158.4369863011441
1777.6506849315047,56059991999.99994,2433023999.999939,169.73561643813008
1777.7602739726005,56063447999.99994,2436479999.999939,181.03424657511607
1777.8698630136964,56066903999.99994,2439935999.999939,192.33287671210206
1777.9794520547923,56070359999.99994,2443391999.999939,203.63150684908803
1778.0890410958882,56073815999.99994,2446847999.999939,214.93013698607402
1778.198630136984,56077271999.99994,2450303999.999939,226.22876712305998
1778.30821917808,56080727999.99994,2453759999.999939,237.52739726004597
1778.4178082191759,56084183999.99994,2457215999.999939,248.82602739703196
1778.5273972602718,56087639999.99994,2460671999.999939,255.99863013709165
1778.6369863013676,56091095999.99994,2464127999.999939,250.793150685037
1778.7465753424635,56094551999.99994,2467583999.999939,245.58767123298236
1778.8561643835594,56098007999.99994,2471039999.999939,240.3821917809277
1778.9657534246553,56101463999.99994,2474495999.999939,235.17671232887307
1779.0753424657512,56104919999.99994,2477951999.999939,229.97123287681842
1779.184931506847,56108375999.99994,2481407999.999939,224.76575342476377
1779.294520547943,56111831999.99994,2484863999.999939,219.56027397270913
1779.4041095890389,56115287999.99994,2488319999.999939,214.35479452065448
1779.5136986301347,56118743999.99994,2491775999.999939,208.86164383577028
1779.6232876712306,56122199999.99994,2495231999.999939,201.354794520702
1779.7328767123265,56125655999.99994,2498687999.999939,193.84794520563372
1779.8424657534224,56129111999.99994,2502143999.999939,186.34109589056544
1779.9520547945183,56132567999.99994,2505599999.999939,178.83424657549716
1780.0616438356142,56136023999.99994,2509055999.999939,171.32739726042888
1780.17123287671,56139479999.99994,2512511999.999939,163.8205479453606
1780.280821917806,56142935999.99994,2515967999.999939,156.31369863029232
1780.3904109589018,56146391999.99994,2519423999.999939,148.80684931522404
1780.4999999999977,56149847999.99994,2522879999.999939,141.30000000015576
1780.6095890410936,56153303999.99994,2526335999.999939,138.25342465759755
1780.7191780821895,56156759999.99994,2529791999.999939,135.20684931513188
1780.8287671232854,56160215999.99994,2533247999.999939,132.1602739726662
1780.9383561643813,56163671999.99994,2536703999.999939,129.11369863020056
1781.0479452054772,56167127999.99994,2540159999.999939,126.06712328773489
1781.157534246573,56170583999.99994,2543615999.999939,123.02054794526921
1781.267123287669,56174039999.99994,2547071999.999939,119.97397260280354
1781.3767123287648,56177495999.99994,2550527999.999939,116.92739726033787
1781.4863013698607,56180951999.99994,2553983999.999939,113.88082191787221
1781.5958904109566,56184407999.99994,2557439999.999939,108.77260273983966
1781.7054794520525,56187863999.99994,2560895999.999939,103.36986301381242
1781.8150684931484,56191319999.99994,2564351999.999939,97.96712328778517
1781.9246575342443,56194775999.99994,2567807999.999939,92.56438356175792
1782.0342465753401,56198231999.99994,2571263999.999939,87.16164383573069
1782.143835616436,56201687999.99994,2574719999.999939,81.75890410970344
1782.253424657532,56205143999.99994,2578175999.999939,76.3561643836762
1782.3630136986278,56208599999.99994,2581631999.999939,70.95342465764895
1782.4726027397237,56212055999.99994,2585087999.999939,65.5506849316217
1782.5821917808196,56215511999.99994,2588543999.999939,62.04657534252688
1782.6917808219155,56218967999.99994,2591999999.999939,59.17534246581463
1782.8013698630114,56222423999.99994,2595455999.999939,56.30410958910238
1782.9109589041072,56225879999.99994,2598911999.999939,53.43287671239014
1783.0205479452031,56229335999.99994,2602367999.999939,50.561643835677884
1783.130136986299,56232791999.99994,2605823999.999939,47.69041095896564
1783.239726027395,56236247999.99994,2609279999.999939,44.819178082253394
1783.3493150684908,56239703999.99994,2612735999.999939,41.947945205541146
1783.4589041095867,56243159999.99994,2616191999.999939,39.0767123288289
1783.5684931506826,56246615999.99994,2619647999.999939,36.56164383566602
1783.6780821917785,56250071999.99994,2623103999.999939,34.260273972652385
1783.7876712328743,56253527999.99994,2626559999.999939,31.958904109638752
1783.8972602739702,56256983999.99994,2630015999.999939,29.65753424662512
1784.0068493150661,56260439999.99994,2633471999.999939,27.356164383611485
1784.116438356162,56263895999.99994,2636927999.999939,25.054794520597852
1784.226027397258,56267351999.99994,2640383999.999939,22.75342465758422
1784.3356164383538,56270807999.99994,2643839999.999939,20.452054794570586
1784.4452054794497,56274263999.99994,2647295999.999939,18.150684931556953
1784.5547945205456,56277719999.99994,2650751999.999939,18.271232876656903
1784.6643835616414,56281175999.99992,2654207999.9999237,20.81369863008149
1784.7739726027373,56284631999.99992,2657663999.9999237,23.356164383506076
1784.8835616438332,56288087999.99992,2661119999.9999237,25.898630136930663
1784.993150684929,56291543999.99992,2664575999.9999237,28.441095890355246
1785.102739726025,56294999999.99992,2668031999.9999237,30.983561643779833
1785.2123287671209,56298455999.99992,2671487999.9999237,33.526027397204416
1785.3219178082168,56301911999.99992,2674943999.9999237,36.068493150629
1785.4315068493127,56305367999.99992,2678399999.9999237,38.61095890405359
1785.5410958904085,56308823999.99992,2681855999.9999237,44.22739726003711
1785.6506849315044,56312279999.99992,2685311999.9999237,54.96712328743406
1785.7602739726003,56315735999.99992,2688767999.9999237,65.70684931483102
1785.8698630136962,56319191999.99992,2692223999.9999237,76.44657534222796
1785.979452054792,56322647999.99992,2695679999.9999237,87.18630136962491
1786.089041095888,56326103999.99992,2699135999.9999237,97.92602739702187
1786.1986301369839,56329559999.99992,2702591999.9999237,108.66575342441882
1786.3082191780798,56333015999.99992,2706047999.9999237,119.40547945181578
1786.4178082191756,56336471999.99992,2709503999.9999237,130.14520547921273
1786.5273972602715,56339927999.99992,2712959999.9999237,140.44109589021093
1786.6369863013674,56343383999.99992,2716415999.9999237,149.40547945185452
1786.7465753424633,56346839999.99992,2719871999.9999237,158.3698630134981
1786.8561643835592,56350295999.99992,2723327999.9999237,167.3342465751417
1786.965753424655,56353751999.99992,2726783999.9999237,176.29863013678528
1787.075342465751,56357207999.99992,2730239999.9999237,185.26301369842886
1787.1849315068469,56360663999.99992,2733695999.9999237,194.22739726007245
1787.2945205479427,56364119999.99992,2737151999.9999237,203.191780821716
1787.4041095890386,56367575999.99992,2740607999.9999237,212.1561643833596
1787.5136986301345,56371031999.99992,2744063999.9999237,219.97534246575788
1787.6232876712304,56374487999.99992,2747519999.9999237,219.77808219178527
1787.7328767123263,56377943999.99992,2750975999.9999237,219.58082191781267
1787.8424657534222,56381399999.99992,2754431999.9999237,219.38356164384007
1787.952054794518,56384855999.99992,2757887999.9999237,219.1863013698675
1788.061643835614,56388311999.99992,2761343999.9999237,218.9890410958949
1788.1712328767098,56391767999.99992,2764799999.9999237,218.7917808219223
1788.2808219178057,56395223999.99992,2768255999.9999237,218.59452054794968
1788.3904109589016,56398679999.99992,2771711999.9999237,218.39726027397708
1788.4999999999975,56402135999.99992,2775167999.9999237,218.20000000000448
1788.6095890410934,56405591999.99992,2778623999.9999237,215.85479452060153
1788.7191780821893,56409047999.99992,2782079999.9999237,213.50958904114955
1788.8287671232852,56412503999.99992,2785535999.9999237,211.16438356169755
1788.938356164381,56415959999.99992,2788991999.9999237,208.81917808224557
1789.047945205477,56419415999.99992,2792447999.9999237,206.4739726027936
1789.1575342465728,56422871999.99992,2795903999.9999237,204.1287671233416
1789.2671232876687,56426327999.99992,2799359999.9999237,201.7835616438896
1789.3767123287646,56429783999.99992,2802815999.9999237,199.43835616443764
1789.4863013698605,56433239999.99992,2806271999.9999237,197.09315068498563
1789.5958904109564,56436695999.99992,2809727999.9999237,192.29315068505053
1789.7054794520523,56440151999.99992,2813183999.9999237,187.14246575354383
1789.8150684931481,56443607999.99992,2816639999.9999237,181.99178082203713
1789.924657534244,56447063999.99992,2820095999.9999237,176.84109589053043
1790.03424657534,56450519999.99992,2823551999.9999237,171.69041095902372
1790.1438356164358,56453975999.99992,2827007999.9999237,166.53972602751702
1790.2534246575317,56457431999.99992,2830463999.9999237,161.38904109601032
1790.3630136986276,56460887999.99992,2833919999.9999237,156.2383561645036
1790.4726027397235,56464343999.99992,2837375999.9999237,151.0876712329969
1790.5821917808194,56467799999.99992,2840831999.9999237,146.61095890420893
1790.6917808219152,56471255999.99992,2844287999.9999237,142.35890410968852
1790.8013698630111,56474711999.99992,2847743999.9999237,138.1068493151681
1790.910958904107,56478167999.99992,2851199999.9999237,133.85479452064766
1791.020547945203,56481623999.99992,2854655999.9999237,129.60273972612723
1791.1301369862988,56485079999.99992,2858111999.9999237,125.35068493160679
1791.2397260273947,56488535999.99992,2861567999.9999237,121.09863013708636
1791.3493150684906,56491991999.99992,2865023999.9999237,116.84657534256594
1791.4589041095865,56495447999.99992,2868479999.9999237,112.59452054804551
1791.5684931506823,56498903999.99992,2871935999.9999237,110.24657534249422
1791.6780821917782,56502359999.99992,2875391999.9999237,109.04109589043946
1791.7876712328741,56505815999.99992,2878847999.9999237,107.8356164383847
1791.89726027397,56509271999.99992,2882303999.9999237,106.63013698632994
1792.006849315066,56512727999.99992,2885759999.9999237,105.42465753427518
1792.1164383561618,56516183999.99992,2889215999.9999237,104.21917808222042
1792.2260273972577,56519639999.99992,2892671999.9999237,103.01369863016566
1792.3356164383536,56523095999.99992,2896127999.9999237,101.8082191781109
1792.4452054794494,56526551999.99992,2899583999.9999237,100.60273972605614
1792.5547945205453,56530007999.99992,2903039999.9999237,98.80547945211183
1792.6643835616412,56533463999.99992,2906495999.9999237,96.41643835622149
1792.773972602737,56536919999.99992,2909951999.9999237,94.02739726033114
1792.883561643833,56540375999.99992,2913407999.9999237,91.63835616444081
1792.9931506849289,56543831999.99992,2916863999.9999237,89.24931506855046
1793.1027397260248,56547287999.99992,2920319999.9999237,86.86027397266011
1793.2123287671207,56550743999.99992,2923775999.9999237,84.47123287676978
1793.3219178082165,56554199999.99992,2927231999.9999237,82.08219178087943
1793.4315068493124,56557655999.99992,2930687999.9999237,79.69315068498909
1793.5410958904083,56561111999.99992,2934143999.9999237,77.7931506849577
1793.6506849315042,56564567999.99992,2937599999.9999237,76.70821917810841
1793.7602739726,56568023999.99992,2941055999.9999237,75.62328767125912
1793.869863013696,56571479999.99992,2944511999.9999237,74.53835616440983
1793.9794520547919,56574935999.99992,2947967999.9999237,73.45342465756055
1794.0890410958878,56578391999.99992,2951423999.9999237,72.36849315071126
1794.1986301369836,56581847999.99992,2954879999.9999237,71.28356164386199
1794.3082191780795,56585303999.99992,2958335999.9999237,70.1986301370127
1794.4178082191754,56588759999.99992,2961791999.9999237,69.11369863016341
1794.5273972602713,56592215999.99992,2965247999.9999237,67.40136986310135
1794.6369863013672,56595671999.99992,2968703999.9999237,63.80684931515625
1794.746575342463,56599127999.99992,2972159999.9999237,60.21232876721115
1794.856164383559,56602583999.99992,2975615999.9999237,56.61780821926604
1794.9657534246548,56606039999.99992,2979071999.9999237,53.023287671320944
1795.0753424657507,56609495999.99992,2982527999.9999237,49.428767123375835
1795.1849315068466,56612951999.99992,2985983999.9999237,45.83424657543073
1795.2945205479425,56616407999.99992,2989439999.9999237,42.23972602748563
1795.4041095890384,56619863999.99992,2992895999.9999237,38.64520547954053
1795.5136986301343,56623319999.99992,2996351999.9999237,35.37945205481829
1795.6232876712302,56626775999.99992,2999807999.9999237,34.41506849317447
1795.732876712326,56630231999.99992,3003263999.9999237,33.45068493153067
1795.842465753422,56633687999.99992,3006719999.9999237,32.48630136988686
1795.9520547945178,56637143999.99991,3010175999.9999084,31.521917808243053
1796.0616438356137,56640599999.99991,3013631999.9999084,30.557534246599243
1796.1712328767096,56644055999.99991,3017087999.9999084,29.593150684955436
1796.2808219178055,56647511999.99991,3020543999.9999084,28.628767123311626
1796.3904109589014,56650967999.99991,3023999999.9999084,27.66438356166782
1796.4999999999973,56654423999.99991,3027455999.9999084,26.700000000024012
1796.6095890410932,56657879999.99991,3030911999.9999084,24.94657534250946
1796.719178082189,56661335999.99991,3034367999.9999084,23.19315068497526
1796.828767123285,56664791999.99991,3037823999.9999084,21.439726027441065
1796.9383561643808,56668247999.99991,3041279999.9999084,19.686301369906868
1797.0479452054767,56671703999.99991,3044735999.9999084,17.93287671237267
1797.1575342465726,56675159999.99991,3048191999.9999084,16.179452054838475
1797.2671232876685,56678615999.99991,3051647999.9999084,14.426027397304278
1797.3767123287644,56682071999.99991,3055103999.9999084,12.672602739770081
1797.4863013698603,56685527999.99991,3058559999.9999084,10.919178082235884
1797.5958904109561,56688983999.99991,3062015999.9999084,10.326027397271035
1797.705479452052,56692439999.99991,3065471999.9999084,9.898630136997076
1797.815068493148,56695895999.99991,3068927999.9999084,9.471232876723114
1797.9246575342438,56699351999.99991,3072383999.9999084,9.043835616449154
1798.0342465753397,56702807999.99991,3075839999.9999084,8.616438356175195
1798.1438356164356,56706263999.99991,3079295999.9999084,8.189041095901235
1798.2534246575315,56709719999.99991,3082751999.9999084,7.7616438356272734
1798.3630136986274,56713175999.99991,3086207999.9999084,7.334246575353314
1798.4726027397232,56716631999.99991,3089663999.9999084,6.906849315079352
1798.5821917808191,56720087999.99991,3093119999.9999084,7.1698630136860855
1798.691780821915,56723543999.99991,3096575999.9999084,7.663013698617578
1798.801369863011,56726999999.99991,3100031999.9999084,8.156164383549072
1798.9109589041068,56730455999.99991,3103487999.9999084,8.649315068480565
1799.0205479452027,56733911999.99991,3106943999.9999084,9.142465753412058
1799.1301369862986,56737367999.99991,3110399999.9999084,9.63561643834355
1799.2397260273945,56740823999.99991,3113855999.9999084,10.128767123275043
1799.3493150684903,56744279999.99991,3117311999.9999084,10.621917808206536
1799.4589041095862,56747735999.99991,3120767999.9999084,11.115068493138029
1799.5684931506821,56751191999.99991,3124223999.9999084,12.183561643799294
1799.678082191778,56754647999.99991,3127679999.9999084,13.597260273936241
1799.787671232874,56758103999.99991,3131135999.9999084,15.010958904073187
1799.8972602739698,56761559999.99991,3134591999.9999084,16.424657534210134
1800.0068493150657,56765015999.99991,3138047999.9999084,17.83835616434708
1800.1164383561616,56768471999.99991,3141503999.9999084,19.252054794484025
1800.2260273972574,56771927999.99991,3144959999.9999084,20.66575342462097
1800.3356164383533,56775383999.99991,3148415999.9999084,22.079452054757915
1800.4452054794492,56778839999.99991,3151871999.9999084,23.493150684894864
1800.554794520545,56782295999.99991,3155327999.9999084,25.980821917715797
1800.664383561641,56785751999.99991,3158783999.9999084,29.542465753332134
1800.7739726027369,56789207999.99991,3162239999.9999084,33.104109588948475
1800.8835616438328,56792663999.99991,3165695999.9999084,36.66575342456481
1800.9931506849287,56796119999.99991,3169151999.9999084,40.22739726018115
1801.1027397260245,56799575999.99991,3172607999.9999084,43.78904109579749
1801.2123287671204,56803031999.99991,3176063999.9999084,47.350684931413824
1801.3219178082163,56806487999.99991,3179519999.9999084,50.91232876703016
1801.4315068493122,56809943999.99991,3182975999.9999084,54.4739726026465
1801.541095890408,56813399999.99991,3186431999.9999084,57.452054794468
1801.650684931504,56816855999.99991,3189887999.9999084,59.457534246522734
1801.7602739725999,56820311999.99991,3193343999.9999084,61.46301369857747
1801.8698630136957,56823767999.99991,3196799999.9999084,63.46849315063221
1801.9794520547916,56827223999.99991,3200255999.9999084,65.47397260268694
1802.0890410958875,56830679999.99991,3203711999.9999084,67.47945205474169
1802.1986301369834,56834135999.99991,3207167999.9999084,69.48493150679641
1802.3082191780793,56837591999.99991,3210623999.9999084,71.49041095885116
1802.4178082191752,56841047999.99991,3214079999.9999084,73.4958904109059
1802.527397260271,56844503999.99991,3217535999.9999084,74.91232876713256
1802.636986301367,56847959999.99991,3220991999.9999084,74.56164383562573
1802.7465753424628,56851415999.99991,3224447999.9999084,74.21095890411888
1802.8561643835587,56854871999.99991,3227903999.9999084,73.86027397261205
1802.9657534246546,56858327999.99991,3231359999.9999084,73.50958904110522
1803.0753424657505,56861783999.99991,3234815999.9999084,73.15890410959837
1803.1849315068464,56865239999.99991,3238271999.9999084,72.80821917809153
1803.2945205479423,56868695999.99991,3241727999.9999084,72.45753424658469
1803.4041095890382,56872151999.99991,3245183999.9999084,72.10684931507785
1803.513698630134,56875607999.99991,3248639999.9999084,71.90136986299203
1803.62328767123,56879063999.99991,3252095999.9999084,72.7123287671016
1803.7328767123258,56882519999.99991,3255551999.9999084,73.52328767121116
1803.8424657534217,56885975999.99991,3259007999.9999084,74.33424657532073
1803.9520547945176,56889431999.99991,3262463999.9999084,75.1452054794303
1804.0616438356135,56892887999.99991,3265919999.9999084,75.95616438353986
1804.1712328767094,56896343999.99991,3269375999.9999084,76.76712328764943
1804.2808219178053,56899799999.99991,3272831999.9999084,77.578082191759
1804.3904109589012,56903255999.99991,3276287999.9999084,78.38904109586856
1804.499999999997,56906711999.99991,3279743999.9999084,79.19999999997813
1804.609589041093,56910167999.99991,3283199999.9999084,78.22465753427291
1804.7191780821888,56913623999.99991,3286655999.9999084,77.24931506851952
1804.8287671232847,56917079999.99991,3290111999.9999084,76.27397260276612
1804.9383561643806,56920535999.99991,3293567999.9999084,75.29863013701272
1805.0479452054765,56923991999.99991,3297023999.9999084,74.32328767125932
1805.1575342465724,56927447999.99991,3300479999.9999084,73.34794520550592
1805.2671232876683,56930903999.99991,3303935999.9999084,72.37260273975252
1805.3767123287641,56934359999.99991,3307391999.9999084,71.39726027399912
1805.48630136986,56937815999.99991,3310847999.9999084,70.42191780824574
1805.595890410956,56941271999.99991,3314303999.9999084,68.04657534253595
1805.7054794520518,56944727999.99991,3317759999.9999084,65.4712328767826
1805.8150684931477,56948183999.99991,3321215999.9999084,62.89589041102924
1805.9246575342436,56951639999.99991,3324671999.9999084,60.32054794527589
1806.0342465753395,56955095999.99991,3328127999.9999084,57.74520547952254
1806.1438356164354,56958551999.99991,3331583999.9999084,55.16986301376919
1806.2534246575312,56962007999.99991,3335039999.9999084,52.594520548015836
1806.3630136986271,56965463999.99991,3338495999.9999084,50.019178082262485
1806.472602739723,56968919999.99991,3341951999.9999084,47.44383561650913
1806.582191780819,56972375999.99991,3345407999.9999084,44.334246575432914
1806.6917808219148,56975831999.99991,3348863999.9999084,41.046575342556295
1806.8013698630107,56979287999.99991,3352319999.9999084,37.758904109679676
1806.9109589041066,56982743999.99991,3355775999.9999084,34.47123287680306
1807.0205479452025,56986199999.99991,3359231999.9999084,31.18356164392644
1807.1301369862983,56989655999.9999,3362687999.999901,27.895890411049823
1807.2397260273942,56993111999.9999,3366143999.999901,24.608219178173204
1807.3493150684901,56996567999.9999,3369599999.999901,21.320547945296585
1807.458904109586,57000023999.9999,3373055999.999901,18.032876712419966
1807.568493150682,57003479999.9999,3376511999.999901,16.57397260274977
1807.6780821917778,57006935999.9999,3379967999.999901,16.21232876713334
1807.7876712328737,57010391999.9999,3383423999.999901,15.850684931516913
1807.8972602739696,57013847999.9999,3386879999.999901,15.489041095900484
1808.0068493150654,57017303999.9999,3390335999.999901,15.127397260284056
1808.1164383561613,57020759999.9999,3393791999.999901,14.765753424667627
1808.2260273972572,57024215999.9999,3397247999.999901,14.404109589051199
1808.335616438353,57027671999.9999,3400703999.999901,14.042465753434772
1808.445205479449,57031127999.9999,3404159999.999901,13.680821917818344
1808.5547945205449,57034583999.9999,3407615999.999901,12.99041095893267
1808.6643835616408,57038039999.9999,3411071999.999901,11.971232876740919
1808.7739726027366,57041495999.9999,3414527999.999901,10.952054794549166
1808.8835616438325,57044951999.9999,3417983999.999901,9.932876712357416
1808.9931506849284,57048407999.9999,3421439999.999901,8.913698630165662
1809.1027397260243,57051863999.9999,3424895999.999901,7.894520547973912
1809.2123287671202,57055319999.9999,3428351999.999901,6.875342465782159
1809.321917808216,57058775999.9999,3431807999.999901,5.856164383590407
1809.431506849312,57062231999.9999,3435263999.999901,4.836986301398655
1809.5410958904079,57065687999.9999,3438719999.999901,4.027397260286989
1809.6506849315037,57069143999.9999,3442175999.999901,3.5671232876842627
1809.7602739725996,57072599999.9999,3445631999.999901,3.1068493150815355
1809.8698630136955,57076055999.9999,3449087999.999901,2.646575342478809
1809.9794520547914,57079511999.9999,3452543999.999901,2.1863013698760825
1810.0890410958873,57082967999.9999,3455999999.999901,1.7260273972733557
1810.1986301369832,57086423999.9999,3459455999.999901,1.265753424670629
1810.308219178079,57089879999.9999,3462911999.999901,0.8054794520679023
1810.417808219175,57093335999.9999,3466367999.999901,0.345205479465176
1810.5273972602708,57096791999.9999,3469823999.999901,0.0630136986229445
1810.6369863013667,57100247999.9999,3473279999.999901,0.3150684931434853
1810.7465753424626,57103703999.9999,3476735999.999901,0.567123287664026
1810.8561643835585,57107159999.9999,3480191999.999901,0.8191780821845668
1810.9657534246544,57110615999.9999,3483647999.999901,1.0712328767051076
1811.0753424657503,57114071999.9999,3487103999.999901,1.3232876712256483
1811.1849315068462,57117527999.9999,3490559999.999901,1.575342465746189
1811.294520547942,57120983999.9999,3494015999.999901,1.8273972602667299
1811.404109589038,57124439999.9999,3497471999.999901,2.0794520547872706
1811.5136986301338,57127895999.9999,3500927999.999901,2.3821917808029864
1811.6232876712297,57131351999.9999,3504383999.999901,3.03972602737831
1811.7328767123256,57134807999.9999,3507839999.999901,3.697260273953634
1811.8424657534215,57138263999.9999,3511295999.999901,4.354794520528959
1811.9520547945174,57141719999.9999,3514751999.999901,5.012328767104282
1812.0616438356133,57145175999.9999,3518207999.999901,5.669863013679606
1812.1712328767092,57148631999.9999,3521663999.999901,6.32739726025493
1812.280821917805,57152087999.9999,3525119999.999901,6.984931506830254
1812.390410958901,57155543999.9999,3528575999.999901,7.6424657534055775
1812.4999999999968,57158999999.9999,3532031999.999901,8.299999999980901
1812.6095890410927,57162455999.9999,3535487999.999901,9.61506849311245
1812.7191780821886,57165911999.9999,3538943999.999901,10.930136986263097
1812.8287671232845,57169367999.9999,3542399999.999901,12.245205479413745
1812.9383561643804,57172823999.9999,3545855999.999901,13.560273972564392
1813.0479452054763,57176279999.9999,3549311999.999901,14.87534246571504
1813.1575342465721,57179735999.9999,3552767999.999901,16.190410958865687
1813.267123287668,57183191999.9999,3556223999.999901,17.505479452016335
1813.376712328764,57186647999.9999,3559679999.999901,18.820547945166982
1813.4863013698598,57190103999.9999,3563135999.999901,20.13561643831763
1813.5958904109557,57193559999.9999,3566591999.999901,20.5780821917715
1813.7054794520516,57197015999.9999,3570047999.999901,20.895890410949573
1813.8150684931475,57200471999.9999,3573503999.999901,21.213698630127645
1813.9246575342434,57203927999.9999,3576959999.999901,21.53150684930572
1814.0342465753392,57207383999.9999,3580415999.999901,21.849315068483794
1814.1438356164351,57210839999.9999,3583871999.999901,22.167123287661866
1814.253424657531,57214295999.9999,3587327999.999901,22.48493150683994
1814.363013698627,57217751999.9999,3590783999.999901,22.80273972601801
1814.4726027397228,57221207999.9999,3594239999.999901,23.120547945196083
1814.5821917808187,57224663999.9999,3597695999.999901,26.142465753308578
1814.6917808219146,57228119999.9999,3601151999.999901,30.06575342454134
1814.8013698630104,57231575999.9999,3604607999.999901,33.98904109577411
1814.9109589041063,57235031999.9999,3608063999.999901,37.91232876700687
1815.0205479452022,57238487999.9999,3611519999.999901,41.83561643823964
1815.130136986298,57241943999.9999,3614975999.999901,45.758904109472404
1815.239726027394,57245399999.9999,3618431999.999901,49.68219178070517
1815.34931506849,57248855999.9999,3621887999.999901,53.60547945193793
1815.4589041095858,57252311999.9999,3625343999.999901,57.528767123170695
1815.5684931506817,57255767999.9999,3628799999.999901,60.184931506792736
1815.6780821917775,57259223999.9999,3632255999.999901,62.080821917751585
1815.7876712328734,57262679999.9999,3635711999.999901,63.976712328710434
1815.8972602739693,57266135999.9999,3639167999.999901,65.87260273966929
1816.0068493150652,57269591999.9999,3642623999.999901,67.76849315062813
1816.116438356161,57273047999.9999,3646079999.999901,69.66438356158699
1816.226027397257,57276503999.9999,3649535999.999901,71.56027397254584
1816.3356164383529,57279959999.9999,3652991999.999901,73.45616438350469
1816.4452054794488,57283415999.9999,3656447999.999901,75.35205479446353
1816.5547945205446,57286871999.9999,3659903999.999901,75.86164383564282
1816.6643835616405,57290327999.9999,3663359999.999901,74.98493150687572
1816.7739726027364,57293783999.9999,3666815999.999901,74.10821917810863
1816.8835616438323,57297239999.9999,3670271999.999901,73.23150684934153
1816.9931506849282,57300695999.9999,3673727999.999901,72.35479452057443
1817.102739726024,57304151999.9999,3677183999.999901,71.47808219180733
1817.21232876712,57307607999.9999,3680639999.999901,70.60136986304023
1817.3219178082159,57311063999.9999,3684095999.999901,69.72465753427313
1817.4315068493117,57314519999.9999,3687551999.999901,68.84794520550604
1817.5410958904076,57317975999.9999,3691007999.999901,67.66712328772246
1817.6506849315035,57321431999.9999,3694463999.999901,65.9794520548458
1817.7602739725994,57324887999.9999,3697919999.999901,64.29178082196913
1817.8698630136953,57328343999.9999,3701375999.999901,62.60410958909247
1817.9794520547912,57331799999.9999,3704831999.999901,60.9164383562158
1818.089041095887,57335255999.9999,3708287999.999901,59.22876712333914
1818.198630136983,57338711999.9999,3711743999.999901,57.54109589046247
1818.3082191780788,57342167999.9999,3715199999.999901,55.853424657585805
1818.4178082191747,57345623999.99989,3718655999.999893,54.165753424709145
1818.5273972602706,57349079999.99989,3722111999.999893,52.505479452103096
1818.6369863013665,57352535999.99989,3725567999.999893,50.92739726032232
1818.7465753424624,57355991999.99989,3729023999.999893,49.34931506854154
1818.8561643835583,57359447999.99989,3732479999.999893,47.77123287676077
1818.9657534246542,57362903999.99989,3735935999.999893,46.19315068497999
1819.07534246575,57366359999.99989,3739391999.999893,44.61506849319922
1819.184931506846,57369815999.99989,3742847999.999893,43.03698630141844
1819.2945205479418,57373271999.99989,3746303999.999893,41.45890410963766
1819.4041095890377,57376727999.99989,3749759999.999893,39.880821917856885
1819.5136986301336,57380183999.99989,3753215999.999893,38.304109589089464
1819.6232876712295,57383639999.99989,3756671999.999893,36.73698630141828
1819.7328767123254,57387095999.99989,3760127999.999893,35.16986301374709
1819.8424657534213,57390551999.99989,3763583999.999893,33.6027397260759
1819.9520547945172,57394007999.99989,3767039999.999893,32.035616438404716
1820.061643835613,57397463999.99989,3770495999.999893,30.468493150733522
1820.171232876709,57400919999.99989,3773951999.999893,28.901369863062335
1820.2808219178048,57404375999.99989,3777407999.999893,27.33424657539115
1820.3904109589007,57407831999.99989,3780863999.999893,25.76712328771996
1820.4999999999966,57411287999.99989,3784319999.999893,24.20000000004877
1820.6095890410925,57414743999.99989,3787775999.999893,22.55616438361285
1820.7191780821884,57418199999.99989,3791231999.999893,20.91232876717454
1820.8287671232843,57421655999.99989,3794687999.999893,19.26849315073623
1820.9383561643801,57425111999.99989,3798143999.999893,17.62465753429792
1821.047945205476,57428567999.99989,3801599999.999893,15.980821917859611
1821.157534246572,57432023999.99989,3805055999.999893,14.336986301421302
1821.2671232876678,57435479999.99989,3808511999.999893,12.693150684982992
1821.3767123287637,57438935999.99989,3811967999.999893,11.049315068544683
1821.4863013698596,57442391999.99989,3815423999.999893,9.405479452106373
1821.5958904109555,57445847999.99989,3818879999.999893,8.921917808229159
1821.7054794520513,57449303999.99989,3822335999.999893,8.604109589051085
1821.8150684931472,57452759999.99989,3825791999.999893,8.286301369873012
1821.9246575342431,57456215999.99989,3829247999.999893,7.96849315069494
1822.034246575339,57459671999.99989,3832703999.999893,7.650684931516866
1822.143835616435,57463127999.99989,3836159999.999893,7.332876712338793
1822.2534246575308,57466583999.99989,3839615999.999893,7.015068493160721
1822.3630136986267,57470039999.99989,3843071999.999893,6.697260273982646
1822.4726027397226,57473495999.99989,3846527999.999893,6.379452054804574
1822.5821917808184,57476951999.99989,3849983999.999893,5.963013698644363
1822.6917808219143,57480407999.99989,3853439999.999893,5.513698630151225
1822.8013698630102,57483863999.99989,3856895999.999893,5.0643835616580875
1822.910958904106,57487319999.99989,3860351999.999893,4.61506849316495
1823.020547945202,57490775999.99989,3863807999.999893,4.165753424671811
1823.1301369862979,57494231999.99989,3867263999.999893,3.716438356178674
1823.2397260273938,57497687999.99989,3870719999.999893,3.2671232876855356
1823.3493150684897,57501143999.99989,3874175999.999893,2.817808219192398
1823.4589041095855,57504599999.99989,3877631999.999893,2.36849315069926
1823.5684931506814,57508055999.99989,3881087999.999893,2.8301369862691903
1823.6780821917773,57511511999.99989,3884543999.999893,3.838356164351353
1823.7876712328732,57514967999.99989,3887999999.999893,4.846575342433516
1823.897260273969,57518423999.99989,3891455999.999893,5.854794520515679
1824.006849315065,57521879999.99989,3894911999.999893,6.863013698597842
1824.1164383561609,57525335999.99989,3898367999.999893,7.871232876680005
1824.2260273972568,57528791999.99989,3901823999.999893,8.879452054762169
1824.3356164383526,57532247999.99989,3905279999.999893,9.887671232844331
1824.4452054794485,57535703999.99989,3908735999.999893,10.895890410926494
1824.5547945205444,57539159999.99989,3912191999.999893,12.320547945146245
1824.6643835616403,57542615999.99989,3915647999.999893,14.161643835557152
1824.7739726027362,57546071999.99989,3919103999.999893,16.00273972596806
1824.883561643832,57549527999.99989,3922559999.999893,17.843835616378964
1824.993150684928,57552983999.99989,3926015999.999893,19.684931506789873
1825.1027397260239,57556439999.99989,3929471999.999893,21.526027397200778
1825.2123287671197,57559895999.99989,3932927999.999893,23.367123287611683
1825.3219178082156,57563351999.99989,3936383999.999893,25.20821917802259
1825.4315068493115,57566807999.99989,3939839999.999893,27.049315068433494
1825.5410958904074,57570263999.99989,3943295999.999893,29.50273972591474
1825.6506849315033,57573719999.99989,3946751999.999893,32.976712328654365
1825.7602739725992,57577175999.99989,3950207999.999893,36.450684931393994
1825.869863013695,57580631999.99989,3953663999.999893,39.92465753413362
1825.979452054791,57584087999.99989,3957119999.999893,43.39863013687325
1826.0890410958868,57587543999.99989,3960575999.999893,46.87260273961287
1826.1986301369827,57590999999.99989,3964031999.999893,50.3465753423525
1826.3082191780786,57594455999.99989,3967487999.999893,53.82054794509213
1826.4178082191745,57597911999.99989,3970943999.999893,57.29452054783175
1826.5273972602704,57601367999.99989,3974399999.999893,60.53287671224602
1826.6369863013663,57604823999.99989,3977855999.999893,63.06438356156102
1826.7465753424622,57608279999.99989,3981311999.999893,65.59589041087602
1826.856164383558,57611735999.99989,3984767999.999893,68.12739726019102
1826.965753424654,57615191999.99989,3988223999.999893,70.65890410950601
1827.0753424657498,57618647999.99989,3991679999.999893,73.190410958821
1827.1849315068457,57622103999.99989,3995135999.999893,75.721917808136
1827.2945205479416,57625559999.99989,3998591999.999893,78.253424657451
1827.4041095890375,57629015999.99989,4002047999.999893,80.784931506766
1827.5136986301334,57632471999.99989,4005503999.999893,83.3493150684011
1827.6232876712293,57635927999.99989,4008959999.999893,86.14383561634622
1827.7328767123252,57639383999.99989,4012415999.999893,88.93835616429135
1827.842465753421,57642839999.99989,4015871999.999893,91.73287671223648
1827.952054794517,57646295999.99989,4019327999.999893,94.5273972601816
1828.0616438356128,57649751999.99989,4022783999.999893,97.32191780812673
1828.1712328767087,57653207999.99989,4026239999.999893,100.11643835607185
1828.2808219178046,57656663999.99989,4029695999.999893,102.91095890401698
1828.3904109589005,57660119999.99989,4033151999.999893,105.7054794519621
1828.4999999999964,57663575999.99989,4036607999.999893,108.49999999990723
1828.6095890410922,57667031999.99989,4040063999.999893,109.23424657531807
1828.7191780821881,57670487999.99989,4043519999.999893,109.96849315066052
1828.828767123284,57673943999.99989,4046975999.999893,110.70273972600296
1828.93835616438,57677399999.99989,4050431999.999893,111.4369863013454
1829.0479452054758,57680855999.99989,4053887999.999893,112.17123287668785
1829.1575342465717,57684311999.99989,4057343999.999893,112.90547945203029
1829.2671232876676,57687767999.99989,4060799999.999893,113.63972602737275
1829.3767123287635,57691223999.99989,4064255999.999893,114.37397260271518
1829.4863013698593,57694679999.99989,4067711999.999893,115.10821917805764
1829.5958904109552,57698135999.99988,4071167999.999878,115.41095890410152
1829.7054794520511,57701591999.99988,4074623999.999878,115.65205479451247
1829.815068493147,57705047999.99988,4078079999.999878,115.89315068492343
1829.924657534243,57708503999.99988,4081535999.999878,116.13424657533437
1830.0342465753388,57711959999.99988,4084991999.999878,116.37534246574533
1830.1438356164347,57715415999.99988,4088447999.999878,116.61643835615628
1830.2534246575306,57718871999.99988,4091903999.999878,116.85753424656724
1830.3630136986264,57722327999.99988,4095359999.999878,117.09863013697819
1830.4726027397223,57725783999.99988,4098815999.999878,117.33972602738913
1830.5821917808182,57729239999.99988,4102271999.999878,114.39178082205314
1830.691780821914,57732695999.99988,4105727999.999878,110.38082191794365
1830.80136986301,57736151999.99988,4109183999.999878,106.36986301383418
1830.9109589041059,57739607999.99988,4112639999.999878,102.3589041097247
1831.0205479452018,57743063999.99988,4116095999.999878,98.34794520561522
1831.1301369862977,57746519999.99988,4119551999.999878,94.33698630150575
1831.2397260273935,57749975999.99988,4123007999.999878,90.32602739739627
1831.3493150684894,57753431999.99988,4126463999.999878,86.3150684932868
1831.4589041095853,57756887999.99988,4129919999.999878,82.30410958917733
1831.5684931506812,57760343999.99988,4133375999.999878,78.30000000013597
1831.678082191777,57763799999.99988,4136831999.999878,74.30000000013608
1831.787671232873,57767255999.99988,4140287999.999878,70.3000000001362
1831.8972602739689,57770711999.99988,4143743999.999878,66.30000000013631
1832.0068493150648,57774167999.99988,4147199999.999878,62.30000000013642
1832.1164383561606,57777623999.99988,4150655999.999878,58.300000000136535
1832.2260273972565,57781079999.99988,4154111999.999878,54.30000000013665
1832.3356164383524,57784535999.99988,4157567999.999878,50.30000000013676
1832.4452054794483,57787991999.99988,4161023999.999878,46.300000000136876
1832.5547945205442,57791447999.99988,4164479999.999878,42.60684931518446
1832.66438356164,57794903999.99988,4167935999.999878,39.22054794532155
1832.773972602736,57798359999.99988,4171391999.999878,35.83424657545863
1832.8835616438319,57801815999.99988,4174847999.999878,32.447945205595715
1832.9931506849277,57805271999.99988,4178303999.999878,29.061643835732795
1833.1027397260236,57808727999.99988,4181759999.999878,25.67534246586988
1833.2123287671195,57812183999.99988,4185215999.999878,22.28904109600696
1833.3219178082154,57815639999.99988,4188671999.999878,18.902739726144045
1833.4315068493113,57819095999.99988,4192127999.999878,15.516438356281128
1833.5410958904072,57822551999.99988,4195583999.999878,13.650684931483784
1833.650684931503,57826007999.99988,4199039999.999878,14.319178082168696
1833.760273972599,57829463999.99988,4202495999.999878,14.987671232853609
1833.8698630136948,57832919999.99988,4205951999.999878,15.65616438353852
1833.9794520547907,57836375999.99988,4209407999.999878,16.324657534223434
1834.0890410958866,57839831999.99988,4212863999.999878,16.993150684908347
1834.1986301369825,57843287999.99988,4216319999.999878,17.66164383559326
1834.3082191780784,57846743999.99988,4219775999.999878,18.33013698627817
1834.4178082191743,57850199999.99988,4223231999.999878,18.998630136963083
1834.5273972602702,57853655999.99988,4226687999.999878,21.316438355911828
1834.636986301366,57857111999.99988,4230143999.999878,28.582191780569154
1834.746575342462,57860567999.99988,4233599999.999878,35.84794520522648
1834.8561643835578,57864023999.99988,4237055999.999878,43.113698629883814
1834.9657534246537,57867479999.99988,4240511999.999878,50.37945205454113
1835.0753424657496,57870935999.99988,4243967999.999878,57.64520547919847
1835.1849315068455,57874391999.99988,4247423999.999878,64.9109589038558
1835.2945205479414,57877847999.99988,4250879999.999878,72.17671232851312
1835.4041095890373,57881303999.99988,4254335999.999878,79.44246575317044
1835.5136986301331,57884759999.99988,4257791999.999878,87.26438356123363
1835.623287671229,57888215999.99988,4261247999.999878,98.97945205438397
1835.732876712325,57891671999.99988,4264703999.999878,110.69452054753432
1835.8424657534208,57895127999.99988,4268159999.999878,122.40958904068468
1835.9520547945167,57898583999.99988,4271615999.999878,134.12465753383503
1836.0616438356126,57902039999.99988,4275071999.999878,145.83972602698537
1836.1712328767085,57905495999.99988,4278527999.999878,157.55479452013572
1836.2808219178044,57908951999.99988,4281983999.999878,169.26986301328608
1836.3904109589002,57912407999.99988,4285439999.999878,180.98493150643642
1836.4999999999961,57915863999.99988,4288895999.999878,192.6999999995868
1836.609589041092,57919319999.99988,4292351999.999878,196.49178082178395
1836.719178082188,57922775999.99988,4295807999.999878,200.28356164370166
1836.8287671232838,57926231999.99988,4299263999.999878,204.07534246561934
1836.9383561643797,57929687999.99988,4302719999.999878,207.86712328753705
1837.0479452054756,57933143999.99988,4306175999.999878,211.65890410945477
1837.1575342465715,57936599999.99988,4309631999.999878,215.45068493137245
1837.2671232876673,57940055999.99988,4313087999.999878,219.24246575329016
1837.3767123287632,57943511999.99988,4316543999.999878,223.03424657520787
1837.4863013698591,57946967999.99988,4319999999.999878,226.82602739712559
1837.595890410955,57950423999.99988,4323455999.999878,221.68082191803657
1837.705479452051,57953879999.99988,4326911999.999878,215.25890410981756
1837.8150684931468,57957335999.99988,4330367999.999878,208.83698630159856
1837.9246575342427,57960791999.99988,4333823999.999878,202.41506849337958
1838.0342465753386,57964247999.99988,4337279999.999878,195.99315068516057
1838.1438356164344,57967703999.99988,4340735999.999878,189.57123287694156
1838.2534246575303,57971159999.99988,4344191999.999878,183.14931506872256
1838.3630136986262,57974615999.99988,4347647999.999878,176.72739726050358
1838.472602739722,57978071999.99988,4351103999.999878,170.30547945228457
1838.582191780818,57981527999.99988,4354559999.999878,166.58767123297756
1838.6917808219139,57984983999.99988,4358015999.999878,163.77123287681326
1838.8013698630098,57988439999.99988,4361471999.999878,160.95479452064896
1838.9109589041057,57991895999.99988,4364927999.999878,158.13835616448466
1839.0205479452015,57995351999.99988,4368383999.999878,155.32191780832036
1839.1301369862974,57998807999.99988,4371839999.999878,152.50547945215607
1839.2397260273933,58002263999.99988,4375295999.999878,149.68904109599174
1839.3493150684892,58005719999.99988,4378751999.999878,146.87260273982744
1839.458904109585,58009175999.99988,4382207999.999878,144.05616438366314
1839.568493150681,58012631999.99988,4385663999.999878,140.4315068494633
1839.6780821917769,58016087999.99988,4389119999.999878,136.32191780836752
1839.7876712328728,58019543999.99988,4392575999.999878,132.21232876727174
1839.8972602739686,58022999999.99988,4396031999.999878,128.10273972617597
1840.0068493150645,58026455999.99988,4399487999.999878,123.9931506850802
1840.1164383561604,58029911999.99988,4402943999.999878,119.88356164398442
1840.2260273972563,58033367999.99988,4406399999.999878,115.77397260288865
1840.3356164383522,58036823999.99988,4409855999.999878,111.66438356179287
1840.445205479448,58040279999.99988,4413311999.999878,107.5547945206971
1840.554794520544,58043735999.99988,4416767999.999878,103.1876712330447
1840.6643835616399,58047191999.99988,4420223999.999878,98.56301369879824
1840.7739726027357,58050647999.99988,4423679999.999878,93.9383561645518
1840.8835616438316,58054103999.99986,4427135999.999863,89.31369863030537
1840.9931506849275,58057559999.99986,4430591999.999863,84.68904109605892
1841.1027397260234,58061015999.99986,4434047999.999863,80.06438356181248
1841.2123287671193,58064471999.99986,4437503999.999863,75.43972602756602
1841.3219178082152,58067927999.99986,4440959999.999863,70.81506849331959
1841.431506849311,58071383999.99986,4444415999.999863,66.19041095907315
1841.541095890407,58074839999.99986,4447871999.999863,62.35479452064014
1841.6506849315028,58078295999.99986,4451327999.999863,59.83424657543473
1841.7602739725987,58081751999.99986,4454783999.999863,57.313698630229325
1841.8698630136946,58085207999.99986,4458239999.999863,54.79315068502392
1841.9794520547905,58088663999.99986,4461695999.999863,52.27260273981851
1842.0890410958864,58092119999.99986,4465151999.999863,49.7520547946131
1842.1986301369823,58095575999.99986,4468607999.999863,47.231506849407694
1842.3082191780782,58099031999.99986,4472063999.999863,44.710958904202286
1842.417808219174,58102487999.99986,4475519999.999863,42.19041095899688
1842.52739726027,58105943999.99986,4478975999.999863,39.691780822007416
1842.6369863013658,58109399999.99986,4482431999.999863,37.258904109678724
1842.7465753424617,58112855999.99986,4485887999.999863,34.826027397350025
1842.8561643835576,58116311999.99986,4489343999.999863,32.393150685021325
1842.9657534246535,58119767999.99986,4492799999.999863,29.96027397269263
1843.0753424657494,58123223999.99986,4496255999.999863,27.527397260363934
1843.1849315068453,58126679999.99986,4499711999.999863,25.094520548035234
1843.2945205479411,58130135999.99986,4503167999.999863,22.66164383570654
1843.404109589037,58133591999.99986,4506623999.999863,20.22876712337784
1843.513698630133,58137047999.99986,4510079999.999863,18.195890410930453
1843.6232876712288,58140503999.99986,4513535999.999863,18.963013698601664
1843.7328767123247,58143959999.99986,4516991999.999863,19.730136986272875
1843.8424657534206,58147415999.99986,4520447999.999863,20.497260273944086
1843.9520547945165,58150871999.99986,4523903999.999863,21.264383561615297
1844.0616438356124,58154327999.99986,4527359999.999863,22.031506849286508
1844.1712328767082,58157783999.99986,4530815999.999863,22.79863013695772
1844.2808219178041,58161239999.99986,4534271999.999863,23.56575342462893
1844.3904109589,58164695999.99986,4537727999.999863,24.33287671230014
1844.499999999996,58168151999.99986,4541183999.999863,25.099999999971352
1844.6095890410918,58171607999.99986,4544639999.999863,29.56027397243604
1844.7191780821877,58175063999.99986,4548095999.999863,34.02054794503865
1844.8287671232836,58178519999.99986,4551551999.999863,38.480821917641265
1844.9383561643795,58181975999.99986,4555007999.999863,42.94109589024387
1845.0479452054753,58185431999.99986,4558463999.999863,47.401369862846494
1845.1575342465712,58188887999.99986,4561919999.999863,51.8616438354491
1845.2671232876671,58192343999.99986,4565375999.999863,56.321917808051715
1845.376712328763,58195799999.99986,4568831999.999863,60.78219178065433
1845.486301369859,58199255999.99986,4572287999.999863,65.24246575325694
1845.5958904109548,58202711999.99986,4575743999.999863,69.33835616423139
1845.7054794520507,58206167999.99986,4579199999.999863,73.38219178066963
1845.8150684931466,58209623999.99986,4582655999.999863,77.42602739710787
1845.9246575342424,58213079999.99986,4586111999.999863,81.46986301354612
1846.0342465753383,58216535999.99986,4589567999.999863,85.51369862998436
1846.1438356164342,58219991999.99986,4593023999.999863,89.55753424642259
1846.25342465753,58223447999.99986,4596479999.999863,93.60136986286084
1846.363013698626,58226903999.99986,4599935999.999863,97.64520547929908
1846.4726027397219,58230359999.99986,4603391999.999863,101.68904109573732
1846.5821917808178,58233815999.99986,4606847999.999863,107.92739726000991
1846.6917808219137,58237271999.99986,4610303999.999863,114.89726027370835
1846.8013698630095,58240727999.99986,4613759999.999863,121.86712328740678
1846.9109589041054,58244183999.99986,4617215999.999863,128.8369863011052
1847.0205479452013,58247639999.99986,4620671999.999863,135.80684931480366
1847.1301369862972,58251095999.99986,4624127999.999863,142.77671232850207
1847.239726027393,58254551999.99986,4627583999.999863,149.74657534220052
1847.349315068489,58258007999.99986,4631039999.999863,156.71643835589896
1847.4589041095849,58261463999.99986,4634495999.999863,163.68630136959737
1847.5684931506808,58264919999.99986,4637951999.999863,169.17671232859158
1847.6780821917766,58268375999.99986,4641407999.999863,173.77945205461884
1847.7876712328725,58271831999.99986,4644863999.999863,178.3821917806461
1847.8972602739684,58275287999.99986,4648319999.999863,182.98493150667338
1848.0068493150643,58278743999.99986,4651775999.999863,187.58767123270064
1848.1164383561602,58282199999.99986,4655231999.999863,192.1904109587279
1848.226027397256,58285655999.99986,4658687999.999863,196.79315068475518
1848.335616438352,58289111999.99986,4662143999.999863,201.39589041078244
1848.4452054794478,58292567999.99986,4665599999.999863,205.9986301368097
1848.5547945205437,58296023999.99986,4669055999.999863,206.8863013699716
1848.6643835616396,58299479999.99986,4672511999.999863,204.0589041096977
1848.7739726027355,58302935999.99986,4675967999.999863,201.2315068494238
1848.8835616438314,58306391999.99986,4679423999.999863,198.4041095891499
1848.9931506849273,58309847999.99986,4682879999.999863,195.57671232887603
1849.1027397260232,58313303999.99986,4686335999.999863,192.74931506860213
1849.212328767119,58316759999.99986,4689791999.999863,189.92191780832823
1849.321917808215,58320215999.99986,4693247999.999863,187.09452054805433
1849.4315068493108,58323671999.99986,4696703999.999863,184.26712328778044
1849.5410958904067,58327127999.99986,4700159999.999863,180.19041095914218
1849.6506849315026,58330583999.99986,4703615999.999863,174.0315068495533
1849.7602739725985,58334039999.99986,4707071999.999863,167.87260273996444
1849.8698630136944,58337495999.99986,4710527999.999863,161.71369863037557
1849.9794520547903,58340951999.99986,4713983999.999863,155.55479452078671
1850.0890410958862,58344407999.99986,4717439999.999863,149.39589041119785
1850.198630136982,58347863999.99986,4720895999.999863,143.23698630160897
1850.308219178078,58351319999.99986,4724351999.999863,137.0780821920201
1850.4178082191738,58354775999.99986,4727807999.999863,130.91917808243124
1850.5273972602697,58358231999.99986,4731263999.999863,126.18219178084026
1850.6369863013656,58361687999.99986,4734719999.999863,125.71095890412793
1850.7465753424615,58365143999.99986,4738175999.999863,125.23972602741561
1850.8561643835574,58368599999.99986,4741631999.999863,124.7684931507033
1850.9657534246533,58372055999.99986,4745087999.999863,124.29726027399099
1851.0753424657491,58375511999.99986,4748543999.999863,123.82602739727868
1851.184931506845,58378967999.99986,4751999999.999863,123.35479452056636
1851.294520547941,58382423999.99986,4755455999.999863,122.88356164385405
1851.4041095890368,58385879999.99986,4758911999.999863,122.41232876714173
1851.5136986301327,58389335999.99986,4762367999.999863,121.735616438439
1851.6232876712286,58392791999.99986,4765823999.999863,119.62054794528838
1851.7328767123245,58396247999.99986,4769279999.999863,117.50547945213775
1851.8424657534204,58399703999.99986,4772735999.999863,115.39041095898713
1851.9520547945162,58403159999.99986,4776191999.999863,113.2753424658365
1852.0616438356121,58406615999.999855,4779647999.999855,111.16027397268587
1852.171232876708,58410071999.999855,4783103999.999855,109.04520547953526
1852.280821917804,58413527999.999855,4786559999.999855,106.93013698638462
1852.3904109588998,58416983999.999855,4790015999.999855,104.81506849323401
1852.4999999999957,58420439999.999855,4793471999.999855,102.70000000008338
1852.6095890410916,58423895999.999855,4796927999.999855,99.56575342478118
1852.7191780821875,58427351999.999855,4800383999.999855,96.4315068494388
1852.8287671232833,58430807999.999855,4803839999.999855,93.29726027409643
1852.9383561643792,58434263999.999855,4807295999.999855,90.16301369875404
1853.0479452054751,58437719999.999855,4810751999.999855,87.02876712341167
1853.157534246571,58441175999.999855,4814207999.999855,83.8945205480693
1853.267123287667,58444631999.999855,4817663999.999855,80.7602739727269
1853.3767123287628,58448087999.999855,4821119999.999855,77.62602739738453
1853.4863013698587,58451543999.999855,4824575999.999855,74.49178082204216
1853.5958904109546,58454999999.999855,4828031999.999855,70.73424657549519
1853.7054794520504,58458455999.999855,4831487999.999855,66.88767123302955
1853.8150684931463,58461911999.999855,4834943999.999855,63.0410958905639
1853.9246575342422,58465367999.999855,4838399999.999855,59.19452054809826
1854.034246575338,58468823999.999855,4841855999.999855,55.34794520563261
1854.143835616434,58472279999.999855,4845311999.999855,51.50136986316697
1854.2534246575299,58475735999.999855,4848767999.999855,47.65479452070133
1854.3630136986258,58479191999.999855,4852223999.999855,43.80821917823569
1854.4726027397217,58482647999.999855,4855679999.999855,39.96164383577004
1854.5821917808175,58486103999.999855,4859135999.999855,36.838356164498734
1854.6917808219134,58489559999.999855,4862591999.999855,33.9561643836769
1854.8013698630093,58493015999.999855,4866047999.999855,31.073972602855065
1854.9109589041052,58496471999.999855,4869503999.999855,28.19178082203323
1855.020547945201,58499927999.999855,4872959999.999855,25.309589041211392
1855.130136986297,58503383999.999855,4876415999.999855,22.427397260389558
1855.2397260273929,58506839999.999855,4879871999.999855,19.54520547956772
1855.3493150684887,58510295999.999855,4883327999.999855,16.663013698745885
1855.4589041095846,58513751999.999855,4886783999.999855,13.780821917924047
1855.5684931506805,58517207999.999855,4890239999.999855,12.39178082193764
1855.6780821917764,58520663999.999855,4893695999.999855,11.898630137006148
1855.7876712328723,58524119999.999855,4897151999.999855,11.405479452074655
1855.8972602739682,58527575999.999855,4900607999.999855,10.912328767143162
1856.006849315064,58531031999.999855,4904063999.999855,10.419178082211669
1856.11643835616,58534487999.999855,4907519999.999855,9.926027397280176
1856.2260273972558,58537943999.999855,4910975999.999855,9.432876712348683
1856.3356164383517,58541399999.999855,4914431999.999855,8.93972602741719
1856.4452054794476,58544855999.999855,4917887999.999855,8.446575342485698
1856.5547945205435,58548311999.999855,4921343999.999855,10.128767123131546
1856.6643835616394,58551767999.999855,4924799999.999855,13.98630136970678
1856.7739726027353,58555223999.999855,4928255999.999855,17.843835616282014
1856.8835616438312,58558679999.999855,4931711999.999855,21.70136986285725
1856.993150684927,58562135999.999855,4935167999.999855,25.55890410943248
1857.102739726023,58565591999.999855,4938623999.999855,29.416438356007713
1857.2123287671188,58569047999.999855,4942079999.999855,33.273972602582944
1857.3219178082147,58572503999.999855,4945535999.999855,37.13150684915818
1857.4315068493106,58575959999.999855,4948991999.999855,40.98904109573341
1857.5410958904065,58579415999.999855,4952447999.999855,45.906849314796226
1857.6506849315024,58582871999.999855,4955903999.999855,52.59178082164535
1857.7602739725983,58586327999.999855,4959359999.999855,59.276712328494476
1857.8698630136942,58589783999.999855,4962815999.999855,65.96164383534361
1857.97945205479,58593239999.999855,4966271999.999855,72.64657534219273
1858.089041095886,58596695999.999855,4969727999.999855,79.33150684904186
1858.1986301369818,58600151999.999855,4973183999.999855,86.01643835589098
1858.3082191780777,58603607999.999855,4976639999.999855,92.70136986274011
1858.4178082191736,58607063999.999855,4980095999.999855,99.38630136958923
1858.5273972602695,58610519999.999855,4983551999.999855,106.42465753391467
1858.6369863013654,58613975999.999855,4987007999.999855,114.52328767090074
1858.7465753424613,58617431999.999855,4990463999.999855,122.6219178078868
1858.8561643835571,58620887999.999855,4993919999.999855,130.7205479448729
1858.965753424653,58624343999.999855,4997375999.999855,138.81917808185895
1859.075342465749,58627799999.999855,5000831999.999855,146.91780821884504
1859.1849315068448,58631255999.999855,5004287999.999855,155.0164383558311
1859.2945205479407,58634711999.999855,5007743999.999855,163.11506849281716
1859.4041095890366,58638167999.999855,5011199999.999855,171.21369862980325
1859.5136986301325,58641623999.999855,5014655999.999855,178.35342465751663
1859.6232876712284,58645079999.999855,5018111999.999855,178.7808219177906
1859.7328767123242,58648535999.999855,5021567999.999855,179.20821917806455
1859.8424657534201,58651991999.999855,5025023999.999855,179.6356164383385
1859.952054794516,58655447999.999855,5028479999.999855,180.06301369861245
1860.061643835612,58658903999.999855,5031935999.999855,180.49041095888643
1860.1712328767078,58662359999.999855,5035391999.999855,180.91780821916038
1860.2808219178037,58665815999.999855,5038847999.999855,181.34520547943433
1860.3904109588996,58669271999.999855,5042303999.999855,181.7726027397083
1860.4999999999955,58672727999.999855,5045759999.999855,182.19999999998225
1860.6095890410913,58676183999.999855,5049215999.999855,178.29863013714828
1860.7191780821872,58679639999.999855,5052671999.999855,174.3972602741347
1860.8287671232831,58683095999.999855,5056127999.999855,170.4958904111211
1860.938356164379,58686551999.999855,5059583999.999855,166.59452054810754
1861.047945205475,58690007999.999855,5063039999.999855,162.69315068509394
1861.1575342465708,58693463999.999855,5066495999.999855,158.79178082208034
1861.2671232876667,58696919999.999855,5069951999.999855,154.89041095906677
1861.3767123287626,58700375999.999855,5073407999.999855,150.98904109605317
1861.4863013698584,58703831999.999855,5076863999.999855,147.0876712330396
1861.5958904109543,58707287999.999855,5080319999.999855,143.29178082207576
1861.7054794520502,58710743999.999855,5083775999.999855,139.51095890426765
1861.815068493146,58714199999.999855,5087231999.999855,135.73013698645954
1861.924657534242,58717655999.999855,5090687999.999855,131.94931506865143
1862.0342465753379,58721111999.999855,5094143999.999855,128.16849315084332
1862.1438356164338,58724567999.999855,5097599999.999855,124.3876712330352
1862.2534246575296,58728023999.999855,5101055999.999855,120.6068493152271
1862.3630136986255,58731479999.999855,5104511999.999855,116.82602739741898
1862.4726027397214,58734935999.999855,5107967999.999855,113.04520547961087
1862.5821917808173,58738391999.999855,5111423999.999855,109.7493150686249
1862.6917808219132,58741847999.999855,5114879999.999855,106.61506849328252
1862.801369863009,58745303999.999855,5118335999.999855,103.48082191794015
1862.910958904105,58748759999.999855,5121791999.999855,100.34657534259777
1863.0205479452009,58752215999.999855,5125247999.999855,97.21232876725539
1863.1301369862967,58755671999.999855,5128703999.999855,94.07808219191301
1863.2397260273926,58759127999.99985,5132159999.999847,90.94383561657064
1863.3493150684885,58762583999.99985,5135615999.999847,87.80958904122826
1863.4589041095844,58766039999.99985,5139071999.999847,84.67534246588589
1863.5684931506803,58769495999.99985,5142527999.999847,83.8904109588777
1863.6780821917762,58772951999.99985,5145983999.999847,84.51506849312425
1863.787671232872,58776407999.99985,5149439999.999847,85.13972602737081
1863.897260273968,58779863999.99985,5152895999.999847,85.76438356161736
1864.0068493150638,58783319999.99985,5156351999.999847,86.38904109586392
1864.1164383561597,58786775999.99985,5159807999.999847,87.01369863011048
1864.2260273972556,58790231999.99985,5163263999.999847,87.63835616435703
1864.3356164383515,58793687999.99985,5166719999.999847,88.2630136986036
1864.4452054794474,58797143999.99985,5170175999.999847,88.88767123285015
1864.5547945205433,58800599999.99985,5173631999.999847,87.47945205494094
1864.6643835616392,58804055999.99985,5177087999.999847,84.03835616453007
1864.773972602735,58807511999.99985,5180543999.999847,80.59726027411921
1864.883561643831,58810967999.99985,5183999999.999847,77.15616438370834
1864.9931506849268,58814423999.99985,5187455999.999847,73.71506849329748
1865.1027397260227,58817879999.99985,5190911999.999847,70.27397260288663
1865.2123287671186,58821335999.99985,5194367999.999847,66.83287671247577
1865.3219178082145,58824791999.99985,5197823999.999847,63.3917808220649
1865.4315068493104,58828247999.99985,5201279999.999847,59.95068493165404
1865.5410958904063,58831703999.99985,5204735999.999847,56.68630136999013
1865.6506849315022,58835159999.99985,5208191999.999847,53.71643835629158
1865.760273972598,58838615999.99985,5211647999.999847,50.74657534259304
1865.869863013694,58842071999.99985,5215103999.999847,47.77671232889449
1865.9794520547898,58845527999.99985,5218559999.999847,44.80684931519595
1866.0890410958857,58848983999.99985,5222015999.999847,41.836986301497404
1866.1986301369816,58852439999.99985,5225471999.999847,38.86712328779886
1866.3082191780775,58855895999.99985,5228927999.999847,35.89726027410031
1866.4178082191734,58859351999.99985,5232383999.999847,32.92739726040176
1866.5273972602693,58862807999.99985,5235839999.999847,30.239726027476536
1866.6369863013651,58866263999.99985,5239295999.999847,28.39863013706563
1866.746575342461,58869719999.99985,5242751999.999847,26.557534246654722
1866.856164383557,58873175999.99985,5246207999.999847,24.716438356243817
1866.9657534246528,58876631999.99985,5249663999.999847,22.875342465832908
1867.0753424657487,58880087999.99985,5253119999.999847,21.034246575422003
1867.1849315068446,58883543999.99985,5256575999.999847,19.193150685011098
1867.2945205479405,58886999999.99985,5260031999.999847,17.352054794600193
1867.4041095890364,58890455999.99985,5263487999.999847,15.510958904189286
1867.5136986301322,58893911999.99985,5266943999.999847,14.569863013466511
1867.6232876712281,58897367999.99985,5270399999.999847,19.9287671230554
1867.732876712324,58900823999.99985,5273855999.999847,25.28767123264429
1867.84246575342,58904279999.99985,5277311999.999847,30.646575342233177
1867.9520547945158,58907735999.99985,5280767999.999847,36.00547945182207
1868.0616438356117,58911191999.99985,5284223999.999847,41.36438356141095
1868.1712328767076,58914647999.99985,5287679999.999847,46.72328767099984
1868.2808219178035,58918103999.99985,5291135999.999847,52.08219178058873
1868.3904109588993,58921559999.99985,5294591999.999847,57.44109589017762
1868.4999999999952,58925015999.99985,5298047999.999847,62.799999999766506
1868.609589041091,58928471999.99985,5301503999.999847,69.46301369833964
1868.719178082187,58931927999.99985,5304959999.999847,76.12602739696958
1868.828767123283,58935383999.99985,5308415999.999847,82.78904109559953
1868.9383561643788,58938839999.99985,5311871999.999847,89.45205479422947
1869.0479452054747,58942295999.99985,5315327999.999847,96.11506849285942
1869.1575342465705,58945751999.99985,5318783999.999847,102.77808219148937
1869.2671232876664,58949207999.99985,5322239999.999847,109.44109589011931
1869.3767123287623,58952663999.99985,5325695999.999847,116.10410958874927
1869.4863013698582,58956119999.99985,5329151999.999847,122.7671232873792
1869.595890410954,58959575999.99985,5332607999.999847,133.99452054742423
1869.70547945205,58963031999.99985,5336063999.999847,145.87397260221843
1869.8150684931459,58966487999.99985,5339519999.999847,157.7534246570126
1869.9246575342418,58969943999.99985,5342975999.999847,169.63287671180677
1870.0342465753376,58973399999.99985,5346431999.999847,181.51232876660097
1870.1438356164335,58976855999.99985,5349887999.999847,193.39178082139514
1870.2534246575294,58980311999.99985,5353343999.999847,205.27123287618934
1870.3630136986253,58983767999.99985,5356799999.999847,217.15068493098352
1870.4726027397212,58987223999.99985,5360255999.999847,229.0301369857777
1870.582191780817,58990679999.99985,5363711999.999847,228.1616438358422
1870.691780821913,58994135999.99985,5367167999.999847,223.04383561666424
1870.8013698630089,58997591999.99985,5370623999.999847,217.9260273974863
1870.9109589041047,59001047999.99985,5374079999.999847,212.80821917830838
1871.0205479452006,59004503999.99985,5377535999.999847,207.69041095913045
1871.1301369862965,59007959999.99985,5380991999.999847,202.57260273995252
1871.2397260273924,59011415999.99985,5384447999.999847,197.45479452077458
1871.3493150684883,59014871999.99985,5387903999.999847,192.33698630159665
1871.4589041095842,59018327999.99985,5391359999.999847,187.2191780824187
1871.56849315068,59021783999.99985,5394815999.999847,184.1972602740509
1871.678082191776,59025239999.99985,5398271999.999847,182.4328767124071
1871.7876712328718,59028695999.99985,5401727999.999847,180.6684931507633
1871.8972602739677,59032151999.99985,5405183999.999847,178.9041095891195
1872.0068493150636,59035607999.99985,5408639999.999847,177.13972602747575
1872.1164383561595,59039063999.99985,5412095999.999847,175.37534246583195
1872.2260273972554,59042519999.99985,5415551999.999847,173.61095890418815
1872.3356164383513,59045975999.99985,5419007999.999847,171.84657534254438
1872.4452054794472,59049431999.99985,5422463999.999847,170.0821917809006
1872.554794520543,59052887999.99985,5425919999.999847,165.96164383590542
1872.664383561639,59056343999.99985,5429375999.999847,159.4849315071385
1872.7739726027348,59059799999.99985,5432831999.999847,153.00821917837155
1872.8835616438307,59063255999.99985,5436287999.999847,146.53150684960463
1872.9931506849266,59066711999.99985,5439743999.999847,140.05479452083767
1873.1027397260225,59070167999.99985,5443199999.999847,133.57808219207072
1873.2123287671184,59073623999.99985,5446655999.999847,127.1013698633038
1873.3219178082143,59077079999.99985,5450111999.999847,120.62465753453685
1873.4315068493102,59080535999.99985,5453567999.999847,114.14794520576993
1873.541095890406,59083991999.99985,5457023999.999847,108.63698630154494
1873.650684931502,59087447999.99985,5460479999.999847,104.73561643853135
1873.7602739725978,59090903999.99985,5463935999.999847,100.83424657551777
1873.8698630136937,59094359999.99985,5467391999.999847,96.93287671250418
1873.9794520547896,59097815999.99985,5470847999.999847,93.0315068494906
1874.0890410958855,59101271999.99985,5474303999.999847,89.13013698647701
1874.1986301369814,59104727999.99985,5477759999.999847,85.22876712346343
1874.3082191780773,59108183999.99985,5481215999.999847,81.32739726044983
1874.4178082191731,59111639999.99985,5484671999.999847,77.42602739743624
1874.527397260269,59115095999.99984,5488127999.99984,73.23424657557098
1874.636986301365,59118551999.99984,5491583999.99984,68.17123287694099
1874.7465753424608,59122007999.99984,5495039999.99984,63.10821917831099
1874.8561643835567,59125463999.99984,5498495999.99984,58.045205479681
1874.9657534246526,59128919999.99984,5501951999.99984,52.982191781051
1875.0753424657485,59132375999.99984,5505407999.99984,47.91917808242101
1875.1849315068444,59135831999.99984,5508863999.99984,42.85616438379102
1875.2945205479402,59139287999.99984,5512319999.99984,37.793150685161024
1875.4041095890361,59142743999.99984,5515775999.99984,32.73013698653103
1875.513698630132,59146199999.99984,5519231999.99984,28.17123287675909
1875.623287671228,59149655999.99984,5522687999.99984,27.141095890457745
1875.7328767123238,59153111999.99984,5526143999.99984,26.110958904156405
1875.8424657534197,59156567999.99984,5529599999.99984,25.080821917855065
1875.9520547945156,59160023999.99984,5533055999.99984,24.050684931553725
1876.0616438356114,59163479999.99984,5536511999.99984,23.020547945252382
1876.1712328767073,59166935999.99984,5539967999.99984,21.990410958951042
1876.2808219178032,59170391999.99984,5543423999.99984,20.960273972649702
1876.390410958899,59173847999.99984,5546879999.99984,19.93013698634836
1876.499999999995,59177303999.99984,5550335999.99984,18.90000000004702
1876.6095890410909,59180759999.99984,5553791999.99984,19.09726027396359
1876.7191780821868,59184215999.99984,5557247999.99984,19.294520547936187
1876.8287671232827,59187671999.99984,5560703999.99984,19.491780821908787
1876.9383561643785,59191127999.99984,5564159999.99984,19.689041095881382
1877.0479452054744,59194583999.99984,5567615999.99984,19.88630136985398
1877.1575342465703,59198039999.99984,5571071999.99984,20.083561643826577
1877.2671232876662,59201495999.99984,5574527999.99984,20.280821917799177
1877.376712328762,59204951999.99984,5577983999.99984,20.478082191771772
1877.486301369858,59208407999.99984,5581439999.99984,20.675342465744368
1877.5958904109539,59211863999.99984,5584895999.99984,19.261643835691938
1877.7054794520498,59215319999.99984,5588351999.99984,17.61780821925363
1877.8150684931456,59218775999.99984,5591807999.99984,15.97397260281532
1877.9246575342415,59222231999.99984,5595263999.99984,14.33013698637701
1878.0342465753374,59225687999.99984,5598719999.99984,12.6863013699387
1878.1438356164333,59229143999.99984,5602175999.99984,11.042465753500391
1878.2534246575292,59232599999.99984,5605631999.99984,9.398630137062082
1878.363013698625,59236055999.99984,5609087999.99984,7.754794520623772
1878.472602739721,59239511999.99984,5612543999.99984,6.110958904185463
1878.5821917808169,59242967999.99984,5615999999.99984,6.053424657512482
1878.6917808219127,59246423999.99984,5619455999.99984,6.524657534224798
1878.8013698630086,59249879999.99984,5622911999.99984,6.995890410937113
1878.9109589041045,59253335999.99984,5626367999.99984,7.467123287649429
1879.0205479452004,59256791999.99984,5629823999.99984,7.938356164361744
1879.1301369862963,59260247999.99984,5633279999.99984,8.40958904107406
1879.2397260273922,59263703999.99984,5636735999.99984,8.880821917786374
1879.349315068488,59267159999.99984,5640191999.99984,9.35205479449869
1879.458904109584,59270615999.99984,5643647999.99984,9.823287671211006
1879.5684931506798,59274071999.99984,5647103999.99984,12.993150684709098
1879.6780821917757,59277527999.99984,5650559999.99984,17.782191780599373
1879.7876712328716,59280983999.99984,5654015999.99984,22.57123287648965
1879.8972602739675,59284439999.99984,5657471999.99984,27.360273972379925
1880.0068493150634,59287895999.99984,5660927999.99984,32.1493150682702
1880.1164383561593,59291351999.99984,5664383999.99984,36.938356164160474
1880.2260273972552,59294807999.99984,5667839999.99984,41.72739726005075
1880.335616438351,59298263999.99984,5671295999.99984,46.51643835594103
1880.445205479447,59301719999.99984,5674751999.99984,51.3054794518313
1880.5547945205428,59305175999.99984,5678207999.99984,55.71643835597607
1880.6643835616387,59308631999.99984,5681663999.99984,59.74931506830472
1880.7739726027346,59312087999.99984,5685119999.99984,63.78219178063337
1880.8835616438305,59315543999.99984,5688575999.99984,67.81506849296201
1880.9931506849264,59318999999.99984,5692031999.99984,71.84794520529067
1881.1027397260223,59322455999.99984,5695487999.99984,75.88082191761933
1881.2123287671182,59325911999.99984,5698943999.99984,79.91369862994797
1881.321917808214,59329367999.99984,5702399999.99984,83.94657534227663
1881.43150684931,59332823999.99984,5705855999.99984,87.97945205460528
1881.5410958904058,59336279999.99984,5709311999.99984,90.84931506844941
1881.6506849315017,59339735999.99984,5712767999.99984,91.78082191776446
1881.7602739725976,59343191999.99984,5716223999.99984,92.7123287670795
1881.8698630136935,59346647999.99984,5719679999.99984,93.64383561639454
1881.9794520547894,59350103999.99984,5723135999.99984,94.57534246570958
1882.0890410958852,59353559999.99984,5726591999.99984,95.50684931502462
1882.1986301369811,59357015999.99984,5730047999.99984,96.43835616433967
1882.308219178077,59360471999.99984,5733503999.99984,97.36986301365471
1882.417808219173,59363927999.99984,5736959999.99984,98.30136986296975
1882.5273972602688,59367383999.99984,5740415999.99984,99.19452054790847
1882.6369863013647,59370839999.99984,5743871999.99984,99.97260273968928
1882.7465753424606,59374295999.99984,5747327999.99984,100.75068493147008
1882.8561643835565,59377751999.99984,5750783999.99984,101.52876712325087
1882.9657534246523,59381207999.99984,5754239999.99984,102.30684931503167
1883.0753424657482,59384663999.99984,5757695999.99984,103.08493150681247
1883.1849315068441,59388119999.99984,5761151999.99984,103.86301369859326
1883.29452054794,59391575999.99984,5764607999.99984,104.64109589037406
1883.404109589036,59395031999.99984,5768063999.99984,105.41917808215487
1883.5136986301318,59398487999.99984,5771519999.99984,106.09589041096046
1883.6232876712277,59401943999.99984,5774975999.99984,106.06301369863169
1883.7328767123236,59405399999.99984,5778431999.99984,106.03013698630292
1883.8424657534194,59408855999.99984,5781887999.99984,105.99726027397416
1883.9520547945153,59412311999.99984,5785343999.99984,105.96438356164539
1884.0616438356112,59415767999.99984,5788799999.99984,105.93150684931663
1884.171232876707,59419223999.99984,5792255999.99984,105.89863013698786
1884.280821917803,59422679999.99984,5795711999.99984,105.8657534246591
1884.3904109588989,59426135999.99984,5799167999.99984,105.83287671233033
1884.4999999999948,59429591999.99984,5802623999.99984,105.80000000000156
1884.6095890410907,59433047999.99984,5806079999.99984,103.66301369873217
1884.7191780821865,59436503999.99984,5809535999.99984,101.52602739736237
1884.8287671232824,59439959999.99984,5812991999.99984,99.38904109599257
1884.9383561643783,59443415999.99984,5816447999.99984,97.25205479462277
1885.0479452054742,59446871999.99984,5819903999.99984,95.11506849325296
1885.15753424657,59450327999.99984,5823359999.99984,92.97808219188316
1885.267123287666,59453783999.99984,5826815999.99984,90.84109589051336
1885.3767123287619,59457239999.99984,5830271999.99984,88.70410958914356
1885.4863013698578,59460695999.99984,5833727999.99984,86.56712328777375
1885.5958904109536,59464151999.99984,5837183999.99984,82.09041095913506
1885.7054794520495,59467607999.99983,5840639999.999832,77.2794520550256
1885.8150684931454,59471063999.99983,5844095999.999832,72.46849315091615
1885.9246575342413,59474519999.99983,5847551999.999832,67.6575342468067
1886.0342465753372,59477975999.99983,5851007999.999832,62.84657534269725
1886.143835616433,59481431999.99983,5854463999.999832,58.035616438587795
1886.253424657529,59484887999.99983,5857919999.999832,53.22465753447834
1886.3630136986249,59488343999.99983,5861375999.999832,48.41369863036889
1886.4726027397207,59491799999.99983,5864831999.999832,43.602739726259436
1886.5821917808166,59495255999.99983,5868287999.999832,40.70684931517744
1886.6917808219125,59498711999.99983,5871743999.999832,38.44931506860216
1886.8013698630084,59502167999.99983,5875199999.999832,36.191780822026885
1886.9109589041043,59505623999.99983,5878655999.999832,33.93424657545161
1887.0205479452002,59509079999.99983,5882111999.999832,31.676712328876327
1887.130136986296,59512535999.99983,5885567999.999832,29.419178082301052
1887.239726027392,59515991999.99983,5889023999.999832,27.161643835725773
1887.3493150684878,59519447999.99983,5892479999.999832,24.904109589150494
1887.4589041095837,59522903999.99983,5895935999.999832,22.646575342575215
1887.5684931506796,59526359999.99983,5899391999.999832,21.073972602796086
1887.6780821917755,59529815999.99983,5902847999.999832,19.91232876717968
1887.7876712328714,59533271999.99983,5906303999.999832,18.750684931563274
1887.8972602739673,59536727999.99983,5909759999.999832,17.589041095946868
1888.0068493150632,59540183999.99983,5913215999.999832,16.427397260330462
1888.116438356159,59543639999.99983,5916671999.999832,15.265753424714056
1888.226027397255,59547095999.99983,5920127999.999832,14.104109589097652
1888.3356164383508,59550551999.99983,5923583999.999832,12.942465753481246
1888.4452054794467,59554007999.99983,5927039999.999832,11.780821917864841
1888.5547945205426,59557463999.99983,5930495999.999832,11.156164383565919
1888.6643835616385,59560919999.99983,5933951999.999832,11.068493150689209
1888.7739726027344,59564375999.99983,5937407999.999832,10.9808219178125
1888.8835616438303,59567831999.99983,5940863999.999832,10.89315068493579
1888.9931506849261,59571287999.99983,5944319999.999832,10.80547945205908
1889.102739726022,59574743999.99983,5947775999.999832,10.71780821918237
1889.212328767118,59578199999.99983,5951231999.999832,10.630136986305661
1889.3219178082138,59581655999.99983,5954687999.999832,10.542465753428951
1889.4315068493097,59585111999.99983,5958143999.999832,10.454794520552241
1889.5410958904056,59588567999.99983,5961599999.999832,10.457534246567821
1889.6506849315015,59592023999.99983,5965055999.999832,10.610958904102063
1889.7602739725974,59595479999.99983,5968511999.999832,10.764383561636306
1889.8698630136932,59598935999.99983,5971967999.999832,10.917808219170547
1889.9794520547891,59602391999.99983,5975423999.999832,11.07123287670479
1890.089041095885,59605847999.99983,5978879999.999832,11.224657534239032
1890.198630136981,59609303999.99983,5982335999.999832,11.378082191773274
1890.3082191780768,59612759999.99983,5985791999.999832,11.531506849307517
1890.4178082191727,59616215999.99983,5989247999.999832,11.684931506841759
1890.5273972602686,59619671999.99983,5992703999.999832,13.106849314810871
1890.6369863013645,59623127999.99983,5996159999.999832,18.334246575084695
1890.7465753424603,59626583999.99983,5999615999.999832,23.56164383535852
1890.8561643835562,59630039999.99983,6003071999.999832,28.789041095632342
1890.9657534246521,59633495999.99983,6006527999.999832,34.01643835590617
1891.075342465748,59636951999.99983,6009983999.999832,39.24383561617999
1891.184931506844,59640407999.99983,6013439999.999832,44.47123287645381
1891.2945205479398,59643863999.99983,6016895999.999832,49.698630136727644
1891.4041095890357,59647319999.99983,6020351999.999832,54.92602739700146
1891.5136986301316,59650775999.99983,6023807999.999832,60.35205479418287
1891.6232876712274,59654231999.99983,6027263999.999832,67.16849315034706
1891.7328767123233,59657687999.99983,6030719999.999832,73.98493150651124
1891.8424657534192,59661143999.99983,6034175999.999832,80.80136986267544
1891.952054794515,59664599999.99983,6037631999.999832,87.61780821883963
1892.061643835611,59668055999.99983,6041087999.999832,94.43424657500381
1892.1712328767069,59671511999.99983,6044543999.999832,101.25068493116801
1892.2808219178028,59674967999.99983,6047999999.999832,108.06712328733221
1892.3904109588987,59678423999.99983,6051455999.999832,114.88356164349639
1892.4999999999945,59681879999.99983,6054911999.999832,121.69999999966058
1892.6095890410904,59685335999.99983,6058367999.999832,123.92465753413573
1892.7191780821863,59688791999.99983,6061823999.999832,126.14931506838225
1892.8287671232822,59692247999.99983,6065279999.999832,128.37397260262875
1892.938356164378,59695703999.99983,6068735999.999832,130.59863013687527
1893.047945205474,59699159999.99983,6072191999.999832,132.8232876711218
1893.1575342465699,59702615999.99983,6075647999.999832,135.0479452053683
1893.2671232876658,59706071999.99983,6079103999.999832,137.2726027396148
1893.3767123287616,59709527999.99983,6082559999.999832,139.49726027386131
1893.4863013698575,59712983999.99983,6086015999.999832,141.72191780810783
1893.5958904109534,59716439999.99983,6089471999.999832,140.849315068559
1893.7054794520493,59719895999.99983,6092927999.999832,139.53424657540836
1893.8150684931452,59723351999.99983,6096383999.999832,138.2191780822577
1893.924657534241,59726807999.99983,6099839999.999832,136.90410958910707
1894.034246575337,59730263999.99983,6103295999.999832,135.58904109595642
1894.1438356164329,59733719999.99983,6106751999.999832,134.27397260280577
1894.2534246575287,59737175999.99983,6110207999.999832,132.95890410965512
1894.3630136986246,59740631999.99983,6113663999.999832,131.64383561650448
1894.4726027397205,59744087999.99983,6117119999.999832,130.32876712335383
1894.5821917808164,59747543999.99983,6120575999.999832,128.0767123288962
1894.6917808219123,59750999999.99983,6124031999.999832,125.51232876725244
1894.8013698630082,59754455999.99983,6127487999.999832,122.94794520560868
1894.910958904104,59757911999.99983,6130943999.999832,120.38356164396491
1895.0205479452,59761367999.99983,6134399999.999832,117.81917808232114
1895.1301369862958,59764823999.99983,6137855999.999832,115.25479452067738
1895.2397260273917,59768279999.99983,6141311999.999832,112.69041095903361
1895.3493150684876,59771735999.99983,6144767999.999832,110.12602739738986
1895.4589041095835,59775191999.99983,6148223999.999832,107.5616438357461
1895.5684931506794,59778647999.99983,6151679999.999832,104.05205479472679
1895.6780821917753,59782103999.99983,6155135999.999832,99.97534246595978
1895.7876712328712,59785559999.99983,6158591999.999832,95.89863013719277
1895.897260273967,59789015999.99983,6162047999.999832,91.82191780842577
1896.006849315063,59792471999.99983,6165503999.999832,87.74520547965876
1896.1164383561588,59795927999.99983,6168959999.999832,83.66849315089175
1896.2260273972547,59799383999.99983,6172415999.999832,79.59178082212475
1896.3356164383506,59802839999.99983,6175871999.999832,75.51506849335775
1896.4452054794465,59806295999.99983,6179327999.999832,71.43835616459074
1896.5547945205424,59809751999.99983,6182783999.999832,67.99726027411526
1896.6643835616383,59813207999.99983,6186239999.999832,65.19178082206054
1896.7739726027341,59816663999.99983,6189695999.999832,62.386301370005825
1896.88356164383,59820119999.999825,6193151999.999825,59.58082191795111
1896.993150684926,59823575999.999825,6196607999.999825,56.775342465896394
1897.1027397260218,59827031999.999825,6200063999.999825,53.969863013841675
1897.2123287671177,59830487999.999825,6203519999.999825,51.16438356178696
1897.3219178082136,59833943999.999825,6206975999.999825,48.35890410973225
1897.4315068493095,59837399999.999825,6210431999.999825,45.55342465767753
1897.5410958904054,59840855999.999825,6213887999.999825,43.824657534243215
1897.6506849315012,59844311999.999825,6217343999.999825,43.890410958900745
1897.7602739725971,59847767999.999825,6220799999.999825,43.956164383558274
1897.869863013693,59851223999.999825,6224255999.999825,44.02191780821581
1897.979452054789,59854679999.999825,6227711999.999825,44.08767123287334
1898.0890410958848,59858135999.999825,6231167999.999825,44.15342465753088
1898.1986301369807,59861591999.999825,6234623999.999825,44.21917808218841
1898.3082191780766,59865047999.999825,6238079999.999825,44.28493150684594
1898.4178082191725,59868503999.999825,6241535999.999825,44.35068493150347
1898.5273972602683,59871959999.999825,6244991999.999825,43.736986301506064
1898.6369863013642,59875415999.999825,6248447999.999825,41.08493150698559
1898.7465753424601,59878871999.999825,6251903999.999825,38.432876712465124
1898.856164383556,59882327999.999825,6255359999.999825,35.78082191794465
1898.965753424652,59885783999.999825,6258815999.999825,33.128767123424176
1899.0753424657478,59889239999.999825,6262271999.999825,30.4767123289037
1899.1849315068437,59892695999.999825,6265727999.999825,27.82465753438323
1899.2945205479396,59896151999.999825,6269183999.999825,25.172602739862757
1899.4041095890354,59899607999.999825,6272639999.999825,22.520547945342287
1899.5136986301313,59903063999.999825,6276095999.999825,20.138356164409014
1899.6232876712272,59906519999.999825,6279551999.999825,19.64520547947752
1899.732876712323,59909975999.999825,6283007999.999825,19.15205479454603
1899.842465753419,59913431999.999825,6286463999.999825,18.658904109614536
1899.9520547945149,59916887999.999825,6289919999.999825,18.165753424683043
1900.0616438356108,59920343999.999825,6293375999.999825,17.67260273975155
1900.1712328767067,59923799999.999825,6296831999.999825,17.179452054820057
1900.2808219178025,59927255999.999825,6300287999.999825,16.686301369888564
1900.3904109588984,59930711999.999825,6303743999.999825,16.19315068495707
1900.4999999999943,59934167999.999825,6307199999.999825,15.700000000025579
1900.6095890410902,59937623999.999825,6310655999.999825,14.483561643898746
1900.719178082186,59941079999.999825,6314111999.999825,13.267123287734398
1900.828767123282,59944535999.999825,6317567999.999825,12.050684931570048
1900.9383561643779,59947991999.999825,6321023999.999825,10.8342465754057
1901.0479452054738,59951447999.999825,6324479999.999825,9.61780821924135
1901.1575342465696,59954903999.999825,6327935999.999825,8.401369863077
1901.2671232876655,59958359999.999825,6331391999.999825,7.184931506912653
1901.3767123287614,59961815999.999825,6334847999.999825,5.968493150748303
1901.4863013698573,59965271999.999825,6338303999.999825,4.752054794583955
1901.5958904109532,59968727999.999825,6341759999.999825,4.973972602717435
1901.705479452049,59972183999.999825,6345215999.999825,5.4013698629913955
1901.815068493145,59975639999.999825,6348671999.999825,5.828767123265356
1901.9246575342409,59979095999.999825,6352127999.999825,6.256164383539317
1902.0342465753367,59982551999.999825,6355583999.999825,6.683561643813277
1902.1438356164326,59986007999.999825,6359039999.999825,7.110958904087237
1902.2534246575285,59989463999.999825,6362495999.999825,7.538356164361199
1902.3630136986244,59992919999.999825,6365951999.999825,7.9657534246351585
1902.4726027397203,59996375999.999825,6369407999.999825,8.39315068490912
1902.5821917808162,59999831999.999825,6372863999.999825,11.15479452036243
1902.691780821912,60003287999.999825,6376319999.999825,14.694520547759588
1902.801369863008,60006743999.999825,6379775999.999825,18.234246575156746
1902.9109589041038,60010199999.999825,6383231999.999825,21.773972602553908
1903.0205479451997,60013655999.999825,6386687999.999825,25.313698629951066
1903.1301369862956,60017111999.999825,6390143999.999825,28.853424657348224
1903.2397260273915,60020567999.999825,6393599999.999825,32.393150684745386
1903.3493150684874,60024023999.999825,6397055999.999825,35.932876712142544
1903.4589041095833,60027479999.999825,6400511999.999825,39.4726027395397
1903.5684931506792,60030935999.999825,6403967999.999825,42.80684931489938
1903.678082191775,60034391999.999825,6407423999.999825,46.017808219008884
1903.787671232871,60037847999.999825,6410879999.999825,49.22876712311838
1903.8972602739668,60041303999.999825,6414335999.999825,52.43972602722788
1904.0068493150627,60044759999.999825,6417791999.999825,55.65068493133737
1904.1164383561586,60048215999.999825,6421247999.999825,58.86164383544687
1904.2260273972545,60051671999.999825,6424703999.999825,62.07260273955637
1904.3356164383504,60055127999.999825,6428159999.999825,65.28356164366586
1904.4452054794463,60058583999.999825,6431615999.999825,68.49452054777537
1904.5547945205421,60062039999.999825,6435071999.999825,72.03972602719195
1904.664383561638,60065495999.999825,6438527999.999825,75.91917808198636
1904.773972602734,60068951999.999825,6441983999.999825,79.79863013678077
1904.8835616438298,60072407999.999825,6445439999.999825,83.67808219157519
1904.9931506849257,60075863999.999825,6448895999.999825,87.55753424636958
1905.1027397260216,60079319999.999825,6452351999.999825,91.43698630116401
1905.2123287671175,60082775999.999825,6455807999.999825,95.31643835595841
1905.3219178082134,60086231999.999825,6459263999.999825,99.19589041075282
1905.4315068493092,60089687999.999825,6462719999.999825,103.07534246554724
1905.5410958904051,60093143999.999825,6466175999.999825,104.86712328776098
1905.650684931501,60096599999.999825,6469631999.999825,103.17945205488431
1905.760273972597,60100055999.999825,6473087999.999825,101.49178082200766
1905.8698630136928,60103511999.999825,6476543999.999825,99.80410958913099
1905.9794520547887,60106967999.999825,6479999999.999825,98.11643835625432
1906.0890410958846,60110423999.999825,6483455999.999825,96.42876712337765
1906.1986301369805,60113879999.999825,6486911999.999825,94.74109589050099
1906.3082191780763,60117335999.999825,6490367999.999825,93.05342465762432
1906.4178082191722,60120791999.999825,6493823999.999825,91.36575342474765
1906.5273972602681,60124247999.999825,6497279999.999825,90.44794520540508
1906.636986301364,60127703999.999825,6500735999.999825,91.83972602732285
1906.74657534246,60131159999.999825,6504191999.999825,93.23150684924062
1906.8561643835558,60134615999.999825,6507647999.999825,94.62328767115838
1906.9657534246517,60138071999.999825,6511103999.999825,96.01506849307616
1907.0753424657476,60141527999.999825,6514559999.999825,97.40684931499392
1907.1849315068434,60144983999.999825,6518015999.999825,98.7986301369117
1907.2945205479393,60148439999.999825,6521471999.999825,100.19041095882946
1907.4041095890352,60151895999.999825,6524927999.999825,101.58219178074724
1907.513698630131,60155351999.999825,6528383999.999825,102.50000000012885
1907.623287671227,60158807999.999825,6531839999.999825,100.10000000012892
1907.7328767123229,60162263999.999825,6535295999.999825,97.700000000129
1907.8424657534188,60165719999.999825,6538751999.999825,95.30000000012906
1907.9520547945147,60169175999.999825,6542207999.999825,92.90000000012913
1908.0616438356105,60172631999.999825,6545663999.999825,90.50000000012919
1908.1712328767064,60176087999.99982,6549119999.999817,88.10000000012927
1908.2808219178023,60179543999.99982,6552575999.999817,85.70000000012934
1908.3904109588982,60182999999.99982,6556031999.999817,83.3000000001294
1908.499999999994,60186455999.99982,6559487999.999817,80.90000000012947
1908.60958904109,60189911999.99982,6562943999.999817,80.0561643836072
1908.7191780821859,60193367999.99982,6566399999.999817,79.21232876716886
1908.8287671232818,60196823999.99982,6569855999.999817,78.36849315073053
1908.9383561643776,60200279999.99982,6573311999.999817,77.5246575342922
1909.0479452054735,60203735999.99982,6576767999.999817,76.68082191785386
1909.1575342465694,60207191999.99982,6580223999.999817,75.83698630141554
1909.2671232876653,60210647999.99982,6583679999.999817,74.9931506849772
1909.3767123287612,60214103999.99982,6587135999.999817,74.14931506853887
1909.486301369857,60217559999.99982,6590591999.999817,73.30547945210053
1909.595890410953,60221015999.99982,6594047999.999817,69.14383561668974
1909.7054794520488,60224471999.99982,6597503999.999817,64.5082191783337
1909.8150684931447,60227927999.99982,6600959999.999817,59.87260273997768
1909.9246575342406,60231383999.99982,6604415999.999817,55.23698630162164
1910.0342465753365,60234839999.99982,6607871999.999817,50.60136986326561
1910.1438356164324,60238295999.99982,6611327999.999817,45.96575342490958
1910.2534246575283,60241751999.99982,6614783999.999817,41.33013698655354
1910.3630136986242,60245207999.99982,6618239999.999817,36.69452054819751
1910.47260273972,60248663999.99982,6621695999.999817,32.05890410984148
1910.582191780816,60252119999.99982,6625151999.999817,29.141095890538736
1910.6917808219118,60255575999.99982,6628607999.999817,26.795890411086745
1910.8013698630077,60259031999.99982,6632063999.999817,24.450684931634758
1910.9109589041036,60262487999.99982,6635519999.999817,22.10547945218277
1911.0205479451995,60265943999.99982,6638975999.999817,19.760273972730783
1911.1301369862954,60269399999.99982,6642431999.999817,17.415068493278795
1911.2397260273913,60272855999.99982,6645887999.999817,15.069863013826806
1911.3493150684872,60276311999.99982,6649343999.999817,12.72465753437482
1911.458904109583,60279767999.99982,6652799999.999817,10.37945205492283
1911.568493150679,60283223999.99982,6656255999.999817,9.260273972623736
1911.6780821917748,60286679999.99982,6659711999.999817,8.87671232878813
1911.7876712328707,60290135999.99982,6663167999.999817,8.493150684952525
1911.8972602739666,60293591999.99982,6666623999.999817,8.10958904111692
1912.0068493150625,60297047999.99982,6670079999.999817,7.726027397281314
1912.1164383561584,60300503999.99982,6673535999.999817,7.342465753445708
1912.2260273972543,60303959999.99982,6676991999.999817,6.958904109610103
1912.3356164383501,60307415999.99982,6680447999.999817,6.575342465774497
1912.445205479446,60310871999.99982,6683903999.999817,6.191780821938892
1912.554794520542,60314327999.99982,6687359999.999817,5.8027397260490945
1912.6643835616378,60317783999.99982,6690815999.999817,5.4082191781039
1912.7739726027337,60321239999.99982,6694271999.999817,5.013698630158705
1912.8835616438296,60324695999.99982,6697727999.999817,4.619178082213511
1912.9931506849255,60328151999.99982,6701183999.999817,4.224657534268317
1913.1027397260214,60331607999.99982,6704639999.999817,3.8301369863231227
1913.2123287671172,60335063999.99982,6708095999.999817,3.4356164383779286
1913.3219178082131,60338519999.99982,6711551999.999817,3.0410958904327345
1913.431506849309,60341975999.99982,6715007999.999817,2.64657534248754
1913.541095890405,60345431999.99982,6718463999.999817,2.9630136985471838
1913.6506849315008,60348887999.99982,6721919999.999817,4.46438356156084
1913.7602739725967,60352343999.99982,6725375999.999817,5.965753424574496
1913.8698630136926,60355799999.99982,6728831999.999817,7.4671232875881515
1913.9794520547885,60359255999.99982,6732287999.999817,8.968493150601807
1914.0890410958843,60362711999.99982,6735743999.999817,10.469863013615464
1914.1986301369802,60366167999.99982,6739199999.999817,11.97123287662912
1914.3082191780761,60369623999.99982,6742655999.999817,13.472602739642776
1914.417808219172,60373079999.99982,6746111999.999817,14.973972602656433
1914.527397260268,60376535999.99982,6749567999.999817,17.823287670850256
1914.6369863013638,60379991999.99982,6753023999.999817,24.716438355781566
1914.7465753424597,60383447999.99982,6756479999.999817,31.609589040712876
1914.8561643835556,60386903999.99982,6759935999.999817,38.50273972564419
1914.9657534246514,60390359999.99982,6763391999.999817,45.395890410575504
1915.0753424657473,60393815999.99982,6766847999.999817,52.28904109550681
1915.1849315068432,60397271999.99982,6770303999.999817,59.18219178043812
1915.294520547939,60400727999.99982,6773759999.999817,66.07534246536943
1915.404109589035,60404183999.99982,6777215999.999817,72.96849315030074
1915.5136986301309,60407639999.99982,6780671999.999817,79.219178082094
1915.6232876712268,60411095999.99982,6784127999.999817,80.9726027396282
1915.7328767123226,60414551999.99982,6787583999.999817,82.7260273971624
1915.8424657534185,60418007999.99982,6791039999.999817,84.4794520546966
1915.9520547945144,60421463999.99982,6794495999.999817,86.23287671223079
1916.0616438356103,60424919999.99982,6797951999.999817,87.98630136976499
1916.1712328767062,60428375999.99982,6801407999.999817,89.73972602729918
1916.280821917802,60431831999.99982,6804863999.999817,91.49315068483338
1916.390410958898,60435287999.99982,6808319999.999817,93.24657534236758
1916.4999999999939,60438743999.99982,6811775999.999817,94.99999999990177
1916.6095890410897,60442199999.99982,6815231999.999817,103.61369862965421
1916.7191780821856,60445655999.99982,6818687999.999817,112.22739725979095
1916.8287671232815,60449111999.99982,6822143999.999817,120.84109588992769
1916.9383561643774,60452567999.99982,6825599999.999817,129.45479452006444
1917.0479452054733,60456023999.99982,6829055999.999817,138.06849315020116
1917.1575342465692,60459479999.99982,6832511999.999817,146.68219178033792
1917.267123287665,60462935999.99982,6835967999.999817,155.29589041047467
1917.376712328761,60466391999.99982,6839423999.999817,163.9095890406114
1917.4863013698568,60469847999.99982,6842879999.999817,172.52328767074812
1917.5958904109527,60473303999.99982,6846335999.999817,169.86027397284337
1917.7054794520486,60476759999.99982,6849791999.999817,165.58630137010377
1917.8150684931445,60480215999.99982,6853247999.999817,161.31232876736416
1917.9246575342404,60483671999.99982,6856703999.999817,157.03835616462456
1918.0342465753363,60487127999.99982,6860159999.999817,152.76438356188496
1918.1438356164322,60490583999.99982,6863615999.999817,148.49041095914535
1918.253424657528,60494039999.99982,6867071999.999817,144.21643835640575
1918.363013698624,60497495999.99982,6870527999.999817,139.94246575366614
1918.4726027397198,60500951999.99982,6873983999.999817,135.66849315092654
1918.5821917808157,60504407999.99982,6877439999.999817,132.2246575344257
1918.6917808219116,60507863999.99982,6880895999.999817,129.05753424675456
1918.8013698630075,60511319999.99982,6884351999.999817,125.89041095908341
1918.9109589041034,60514775999.99982,6887807999.999817,122.72328767141228
1919.0205479451993,60518231999.99982,6891263999.999817,119.55616438374113
1919.1301369862952,60521687999.99982,6894719999.999817,116.38904109606999
1919.239726027391,60525143999.99982,6898175999.999817,113.22191780839884
1919.349315068487,60528599999.9998,6901631999.999802,110.05479452072771
1919.4589041095828,60532055999.9998,6905087999.999802,106.88767123305657
1919.5684931506787,60535511999.9998,6908543999.999802,102.75479452081568
1919.6780821917746,60538967999.9998,6911999999.999802,98.04246575369253
1919.7876712328705,60542423999.9998,6915455999.999802,93.33013698656937
1919.8972602739664,60545879999.9998,6918911999.999802,88.61780821944622
1920.0068493150623,60549335999.9998,6922367999.999802,83.90547945232306
1920.1164383561581,60552791999.9998,6925823999.999802,79.19315068519991
1920.226027397254,60556247999.9998,6929279999.999802,74.48082191807676
1920.33561643835,60559703999.9998,6932735999.999802,69.7684931509536
1920.4452054794458,60563159999.9998,6936191999.999802,65.05616438383045
1920.5547945205417,60566615999.9998,6939647999.999802,61.64794520559954
1920.6643835616376,60570071999.9998,6943103999.999802,59.5438356165585
1920.7739726027335,60573527999.9998,6946559999.999802,57.439726027517466
1920.8835616438294,60576983999.9998,6950015999.999802,55.33561643847643
1920.9931506849252,60580439999.9998,6953471999.999802,53.23150684943539
1921.1027397260211,60583895999.9998,6956927999.999802,51.12739726039435
1921.212328767117,60587351999.9998,6960383999.999802,49.023287671353316
1921.321917808213,60590807999.9998,6963839999.999802,46.919178082312285
1921.4315068493088,60594263999.9998,6967295999.999802,44.81506849327125
1921.5410958904047,60597719999.9998,6970751999.999802,42.686301369987405
1921.6506849315006,60601175999.9998,6974207999.999802,40.51643835628884
1921.7602739725965,60604631999.9998,6977663999.999802,38.34657534259027
1921.8698630136923,60608087999.9998,6981119999.999802,36.176712328891696
1921.9794520547882,60611543999.9998,6984575999.999802,34.00684931519313
1922.089041095884,60614999999.9998,6988031999.999802,31.836986301494562
1922.19863013698,60618455999.9998,6991487999.999802,29.667123287795995
1922.308219178076,60621911999.9998,6994943999.999802,27.497260274097425
1922.4178082191718,60625367999.9998,6998399999.999802,25.327397260398858
1922.5273972602677,60628823999.9998,7001855999.999802,23.31643835625273
1922.6369863013635,60632279999.9998,7005311999.999802,21.782191780910306
1922.7465753424594,60635735999.9998,7008767999.999802,20.247945205567884
1922.8561643835553,60639191999.9998,7012223999.999802,18.713698630225462
1922.9657534246512,60642647999.9998,7015679999.999802,17.17945205488304
1923.075342465747,60646103999.9998,7019135999.999802,15.645205479540618
1923.184931506843,60649559999.9998,7022591999.999802,14.110958904198196
1923.2945205479389,60653015999.9998,7026047999.999802,12.576712328855773
1923.4041095890348,60656471999.9998,7029503999.999802,11.042465753513351
1923.5136986301306,60659927999.9998,7032959999.999802,9.949315068377791
1923.6232876712265,60663383999.9998,7036415999.999802,11.94383561632294
1923.7328767123224,60666839999.9998,7039871999.999802,13.938356164268088
1923.8424657534183,60670295999.9998,7043327999.999802,15.932876712213236
1923.9520547945142,60673751999.9998,7046783999.999802,17.927397260158386
1924.06164383561,60677207999.9998,7050239999.999802,19.921917808103537
1924.171232876706,60680663999.9998,7053695999.999802,21.916438356048683
1924.2808219178019,60684119999.9998,7057151999.999802,23.91095890399383
1924.3904109588977,60687575999.9998,7060607999.999802,25.90547945193898
1924.4999999999936,60691031999.9998,7064063999.999802,27.89999999988413
1924.6095890410895,60694487999.9998,7067519999.999802,32.95205479422691
1924.7191780821854,60697943999.9998,7070975999.999802,38.00410958874731
1924.8287671232813,60701399999.9998,7074431999.999802,43.05616438326772
1924.9383561643772,60704855999.9998,7077887999.999802,48.10821917778812
1925.047945205473,60708311999.9998,7081343999.999802,53.16027397230853
1925.157534246569,60711767999.9998,7084799999.999802,58.21232876682893
1925.2671232876648,60715223999.9998,7088255999.999802,63.264383561349334
1925.3767123287607,60718679999.9998,7091711999.999802,68.31643835586974
1925.4863013698566,60722135999.9998,7095167999.999802,73.36849315039015
1925.5958904109525,60725591999.9998,7098623999.999802,77.11643835595646
1925.7054794520484,60729047999.9998,7102079999.999802,80.6780821915728
1925.8150684931443,60732503999.9998,7105535999.999802,84.23972602718914
1925.9246575342402,60735959999.9998,7108991999.999802,87.80136986280547
1926.034246575336,60739415999.9998,7112447999.999802,91.36301369842181
1926.143835616432,60742871999.9998,7115903999.999802,94.92465753403815
1926.2534246575278,60746327999.9998,7119359999.999802,98.48630136965448
1926.3630136986237,60749783999.9998,7122815999.999802,102.04794520527082
1926.4726027397196,60753239999.9998,7126271999.999802,105.60958904088716
1926.5821917808155,60756695999.9998,7129727999.999802,107.17397260268703
1926.6917808219114,60760151999.9998,7133183999.999802,108.07260273967331
1926.8013698630073,60763607999.9998,7136639999.999802,108.97123287665958
1926.9109589041032,60767063999.9998,7140095999.999802,109.86986301364587
1927.020547945199,60770519999.9998,7143551999.999802,110.76849315063214
1927.130136986295,60773975999.9998,7147007999.999802,111.66712328761841
1927.2397260273908,60777431999.9998,7150463999.999802,112.5657534246047
1927.3493150684867,60780887999.9998,7153919999.999802,113.46438356159096
1927.4589041095826,60784343999.9998,7157375999.999802,114.36301369857725
1927.5684931506785,60787799999.9998,7160831999.999802,115.72739726017717
1927.6780821917744,60791255999.9998,7164287999.999802,117.37123287661548
1927.7876712328703,60794711999.9998,7167743999.999802,119.01506849305379
1927.8972602739661,60798167999.9998,7171199999.999802,120.6589041094921
1928.006849315062,60801623999.9998,7174655999.999802,122.3027397259304
1928.116438356158,60805079999.9998,7178111999.999802,123.9465753423687
1928.2260273972538,60808535999.9998,7181567999.999802,125.59041095880701
1928.3356164383497,60811991999.9998,7185023999.999802,127.23424657524532
1928.4452054794456,60815447999.9998,7188479999.999802,128.87808219168363
1928.5547945205415,60818903999.9998,7191935999.999802,128.52191780835852
1928.6643835616374,60822359999.9998,7195391999.999802,126.16575342479695
1928.7739726027332,60825815999.9998,7198847999.999802,123.80958904123537
1928.8835616438291,60829271999.9998,7202303999.999802,121.45342465767379
1928.993150684925,60832727999.9998,7205759999.999802,119.09726027411222
1929.102739726021,60836183999.9998,7209215999.999802,116.74109589055065
1929.2123287671168,60839639999.9998,7212671999.999802,114.38493150698908
1929.3219178082127,60843095999.9998,7216127999.999802,112.0287671234275
1929.4315068493086,60846551999.9998,7219583999.999802,109.67260273986592
1929.5410958904044,60850007999.9998,7223039999.999802,106.19452054826289
1929.6506849315003,60853463999.9998,7226495999.999802,100.84657534278358
1929.7602739725962,60856919999.9998,7229951999.999802,95.49863013730427
1929.869863013692,60860375999.9998,7233407999.999802,90.15068493182498
1929.979452054788,60863831999.9998,7236863999.999802,84.80273972634568
1930.0890410958839,60867287999.9998,7240319999.999802,79.45479452086639
1930.1986301369798,60870743999.9998,7243775999.999802,74.10684931538708
1930.3082191780757,60874199999.9998,7247231999.999802,68.75890410990777
1930.4178082191715,60877655999.9998,7250687999.999802,63.410958904428476
1930.5273972602674,60881111999.9998,7254143999.999802,58.73424657550133
1930.6369863013633,60884567999.99979,7257599999.999786,56.07123287687127
1930.7465753424592,60888023999.99979,7261055999.999786,53.40821917824121
1930.856164383555,60891479999.99979,7264511999.999786,50.74520547961115
1930.965753424651,60894935999.99979,7267967999.999786,48.08219178098109
1931.0753424657469,60898391999.99979,7271423999.999786,45.419178082351024
1931.1849315068428,60901847999.99979,7274879999.999786,42.75616438372097
1931.2945205479386,60905303999.99979,7278335999.999786,40.093150685090905
1931.4041095890345,60908759999.99979,7281791999.999786,37.430136986460845
1931.5136986301304,60912215999.99979,7285247999.999786,34.87397260284806
1931.6232876712263,60915671999.99979,7288703999.999786,33.06575342476592
1931.7328767123222,60919127999.99979,7292159999.999786,31.257534246683782
1931.842465753418,60922583999.99979,7295615999.999786,29.449315068601642
1931.952054794514,60926039999.99979,7299071999.999786,27.6410958905195
1932.0616438356099,60929495999.99979,7302527999.999786,25.83287671243736
1932.1712328767057,60932951999.99979,7305983999.999786,24.02465753435522
1932.2808219178016,60936407999.99979,7309439999.999786,22.21643835627308
1932.3904109588975,60939863999.99979,7312895999.999786,20.40821917819094
1932.4999999999934,60943319999.99979,7316351999.999786,18.6000000001088
1932.6095890410893,60946775999.99979,7319807999.999786,17.569863013760642
1932.7191780821852,60950231999.99979,7323263999.999786,16.539726027459302
1932.828767123281,60953687999.99979,7326719999.999786,15.50958904115796
1932.938356164377,60957143999.99979,7330175999.999786,14.479452054856619
1933.0479452054728,60960599999.99979,7333631999.999786,13.44931506855528
1933.1575342465687,60964055999.99979,7337087999.999786,12.41917808225394
1933.2671232876646,60967511999.99979,7340543999.999786,11.389041095952598
1933.3767123287605,60970967999.99979,7343999999.999786,10.358904109651258
1933.4863013698564,60974423999.99979,7347455999.999786,9.328767123349916
1933.5958904109523,60977879999.99979,7350911999.999786,9.717808219142306
1933.7054794520482,60981335999.99979,7354367999.999786,10.309589041060098
1933.815068493144,60984791999.99979,7357823999.999786,10.901369862977889
1933.92465753424,60988247999.99979,7361279999.999786,11.493150684895681
1934.0342465753358,60991703999.99979,7364735999.999786,12.084931506813472
1934.1438356164317,60995159999.99979,7368191999.999786,12.676712328731263
1934.2534246575276,60998615999.99979,7371647999.999786,13.268493150649055
1934.3630136986235,61002071999.99979,7375103999.999786,13.860273972566848
1934.4726027397194,61005527999.99979,7378559999.999786,14.452054794484638
1934.5821917808153,61008983999.99979,7382015999.999786,18.347945205176075
1934.6917808219112,61012439999.99979,7385471999.999786,23.345205479148536
1934.801369863007,61015895999.99979,7388927999.999786,28.342465753120997
1934.910958904103,61019351999.99979,7392383999.999786,33.339726027093455
1935.0205479451988,61022807999.99979,7395839999.999786,38.33698630106592
1935.1301369862947,61026263999.99979,7399295999.999786,43.33424657503838
1935.2397260273906,61029719999.99979,7402751999.999786,48.33150684901084
1935.3493150684865,61033175999.99979,7406207999.999786,53.3287671229833
1935.4589041095824,61036631999.99979,7409663999.999786,58.326027396955766
1935.5684931506783,61040087999.99979,7413119999.999786,65.17260273924099
1935.6780821917741,61043543999.99979,7416575999.999786,73.1287671228024
1935.78767123287,61046999999.99979,7420031999.999786,81.08493150636383
1935.897260273966,61050455999.99979,7423487999.999786,89.04109588992524
1936.0068493150618,61053911999.99979,7426943999.999786,96.99726027348666
1936.1164383561577,61057367999.99979,7430399999.999786,104.95342465704809
1936.2260273972536,61060823999.99979,7433855999.999786,112.90958904060949
1936.3356164383495,61064279999.99979,7437311999.999786,120.86575342417092
1936.4452054794453,61067735999.99979,7440767999.999786,128.82191780773235
1936.5547945205412,61071191999.99979,7444223999.999786,135.96712328728347
1936.6643835616371,61074647999.99979,7447679999.999786,142.30136986262573
1936.773972602733,61078103999.99979,7451135999.999786,148.63561643796803
1936.883561643829,61081559999.99979,7454591999.999786,154.96986301331032
1936.9931506849248,61085015999.99979,7458047999.999786,161.30410958865258
1937.1027397260207,61088471999.99979,7461503999.999786,167.63835616399487
1937.2123287671166,61091927999.99979,7464959999.999786,173.97260273933716
1937.3219178082124,61095383999.99979,7468415999.999786,180.30684931467945
1937.4315068493083,61098839999.99979,7471871999.999786,186.64109589002175
1937.5410958904042,61102295999.99979,7475327999.999786,190.27123287676622
1937.6506849315,61105751999.99979,7478783999.999786,189.39452054799912
1937.760273972596,61109207999.99979,7482239999.999786,188.51780821923202
1937.8698630136919,61112663999.99979,7485695999.999786,187.64109589046492
1937.9794520547878,61116119999.99979,7489151999.999786,186.76438356169783
1938.0890410958837,61119575999.99979,7492607999.999786,185.88767123293073
1938.1986301369795,61123031999.99979,7496063999.999786,185.01095890416363
1938.3082191780754,61126487999.99979,7499519999.999786,184.13424657539653
1938.4178082191713,61129943999.99979,7502975999.999786,183.25753424662943
1938.5273972602672,61133399999.99979,7506431999.999786,181.6520547947546
1938.636986301363,61136855999.99979,7509887999.999786,177.86027397283692
1938.746575342459,61140311999.99979,7513343999.999786,174.0684931509192
1938.8561643835549,61143767999.99979,7516799999.999786,170.27671232900153
1938.9657534246508,61147223999.99979,7520255999.999786,166.48493150708381
1939.0753424657466,61150679999.99979,7523711999.999786,162.69315068516613
1939.1849315068425,61154135999.99979,7527167999.999786,158.90136986324842
1939.2945205479384,61157591999.99979,7530623999.999786,155.1095890413307
1939.4041095890343,61161047999.99979,7534079999.999786,151.31780821941302
1939.5136986301302,61164503999.99979,7537535999.999786,147.52054794544324
1939.623287671226,61167959999.99979,7540991999.999786,143.68493150708719
1939.732876712322,61171415999.99979,7544447999.999786,139.84931506873113
1939.8424657534179,61174871999.99979,7547903999.999786,136.01369863037507
1939.9520547945137,61178327999.99979,7551359999.999786,132.17808219201902
1940.0616438356096,61181783999.99979,7554815999.999786,128.34246575366296
1940.1712328767055,61185239999.99979,7558271999.999786,124.50684931530691
1940.2808219178014,61188695999.99979,7561727999.999786,120.67123287695085
1940.3904109588973,61192151999.99979,7565183999.999786,116.8356164385948
1940.4999999999932,61195607999.99979,7568639999.999786,113.00000000023874
1940.609589041089,61199063999.99979,7572095999.999786,109.29589041118956
1940.719178082185,61202519999.99979,7575551999.999786,105.59178082214858
1940.8287671232808,61205975999.99979,7579007999.999786,101.88767123310758
1940.9383561643767,61209431999.99979,7582463999.999786,98.1835616440666
1941.0479452054726,61212887999.99979,7585919999.999786,94.4794520550256
1941.1575342465685,61216343999.99979,7589375999.999786,90.77534246598461
1941.2671232876644,61219799999.99979,7592831999.999786,87.07123287694363
1941.3767123287603,61223255999.99979,7596287999.999786,83.36712328790264
1941.4863013698562,61226711999.99979,7599743999.999786,79.66301369886165
1941.595890410952,61230167999.99979,7603199999.999786,76.47671232896174
1941.705479452048,61233623999.99979,7606655999.999786,73.36438356183854
1941.8150684931438,61237079999.99979,7610111999.999786,70.25205479471533
1941.9246575342397,61240535999.99979,7613567999.999786,67.13972602759213
1942.0342465753356,61243991999.99979,7617023999.999786,64.02739726046893
1942.1438356164315,61247447999.99979,7620479999.999786,60.91506849334573
1942.2534246575274,61250903999.99979,7623935999.999786,57.80273972622253
1942.3630136986233,61254359999.99979,7627391999.999786,54.69041095909934
1942.4726027397192,61257815999.99979,7630847999.999786,51.57808219197614
1942.582191780815,61261271999.99979,7634303999.999786,48.85205479468361
1942.691780821911,61264727999.99979,7637759999.999786,46.25479452071108
1942.8013698630068,61268183999.99979,7641215999.999786,43.65753424673856
1942.9109589041027,61271639999.99979,7644671999.999786,41.060273972766026
1943.0205479451986,61275095999.99979,7648127999.999786,38.463013698793496
1943.1301369862945,61278551999.99979,7651583999.999786,35.865753424820966
1943.2397260273904,61282007999.99979,7655039999.999786,33.26849315084844
1943.3493150684862,61285463999.99979,7658495999.999786,30.671232876875912
1943.4589041095821,61288919999.99979,7661951999.999786,28.073972602903382
1943.568493150678,61292375999.99979,7665407999.999786,26.346575342541747
1943.678082191774,61295831999.99979,7668863999.999786,25.141095890486987
1943.7876712328698,61299287999.99979,7672319999.999786,23.935616438432227
1943.8972602739657,61302743999.99979,7675775999.999786,22.730136986377467
1944.0068493150616,61306199999.99979,7679231999.999786,21.524657534322706
1944.1164383561575,61309655999.99979,7682687999.999786,20.319178082267946
1944.2260273972533,61313111999.99979,7686143999.999786,19.113698630213186
1944.3356164383492,61316567999.99979,7689599999.999786,17.908219178158426
1944.4452054794451,61320023999.99979,7693055999.999786,16.702739726103665
1944.554794520541,61323479999.99979,7696511999.999786,18.247945205207543
1944.664383561637,61326935999.99979,7699967999.999786,22.543835616166326
1944.7739726027328,61330391999.99979,7703423999.999786,26.83972602712511
1944.8835616438287,61333847999.99979,7706879999.999786,31.135616438083886
1944.9931506849246,61337303999.99979,7710335999.999786,35.43150684904267
1945.1027397260204,61340759999.99979,7713791999.999786,39.72739726000145
1945.2123287671163,61344215999.99979,7717247999.999786,44.02328767096023
1945.3219178082122,61347671999.99979,7720703999.999786,48.31917808191901
1945.431506849308,61351127999.99979,7724159999.999786,52.615068492877796
1945.541095890404,61354583999.99979,7727615999.999786,59.368493149995444
1945.6506849314999,61358039999.99979,7731071999.999786,70.21780821848829
1945.7602739725958,61361495999.99979,7734527999.999786,81.06712328698113
1945.8698630136917,61364951999.99979,7737983999.999786,91.91643835547399
1945.9794520547875,61368407999.99979,7741439999.999786,102.76575342396683
1946.0890410958834,61371863999.99979,7744895999.999786,113.61506849245967
1946.1986301369793,61375319999.99979,7748351999.999786,124.46438356095251
1946.3082191780752,61378775999.99979,7751807999.999786,135.31369862944535
1946.417808219171,61382231999.99979,7755263999.999786,146.1630136979382
1946.527397260267,61385687999.99979,7758719999.999786,155.9547945201256
1946.6369863013629,61389143999.99979,7762175999.999786,162.5739726023172
1946.7465753424588,61392599999.99979,7765631999.999786,169.1931506845088
1946.8561643835546,61396055999.99979,7769087999.999786,175.81232876670038
1946.9657534246505,61399511999.99979,7772543999.999786,182.43150684889196
1947.0753424657464,61402967999.99979,7775999999.999786,189.05068493108357
1947.1849315068423,61406423999.99979,7779455999.999786,195.66986301327515
1947.2945205479382,61409879999.99979,7782911999.999786,202.28904109546673
1947.404109589034,61413335999.99979,7786367999.999786,208.90821917765834
1947.51369863013,61416791999.99979,7789823999.999786,214.40273972617973
1947.6232876712259,61420247999.99979,7793279999.999786,212.02465753439898
1947.7328767123217,61423703999.99979,7796735999.999786,209.64657534261823
1947.8424657534176,61427159999.99979,7800191999.999786,207.2684931508375
1947.9520547945135,61430615999.99979,7803647999.999786,204.8904109590567
1948.0616438356094,61434071999.99979,7807103999.999786,202.51232876727596
1948.1712328767053,61437527999.99979,7810559999.999786,200.1342465754952
1948.2808219178012,61440983999.99979,7814015999.999786,197.75616438371446
1948.390410958897,61444439999.99979,7817471999.999786,195.37808219193371
1948.499999999993,61447895999.99979,7820927999.999786,193.00000000015297
1948.6095890410888,61451351999.99979,7824383999.999786,192.74794520549568
1948.7191780821847,61454807999.99979,7827839999.999786,192.49589041097514
1948.8287671232806,61458263999.99979,7831295999.999786,192.2438356164546
1948.9383561643765,61461719999.99979,7834751999.999786,191.99178082193404
1949.0479452054724,61465175999.99979,7838207999.999786,191.7397260274135
1949.1575342465683,61468631999.99979,7841663999.999786,191.48767123289295
1949.2671232876642,61472087999.99979,7845119999.999786,191.2356164383724
1949.37671232876,61475543999.99979,7848575999.999786,190.98356164385189
1949.486301369856,61478999999.99979,7852031999.999786,190.73150684933134
1949.5958904109518,61482455999.99979,7855487999.999786,183.815068493659
1949.7054794520477,61485911999.99979,7858943999.999786,175.94657534297428
1949.8150684931436,61489367999.99979,7862399999.999786,168.0780821922896
1949.9246575342395,61492823999.99979,7865855999.999786,160.2095890416049
1950.0342465753354,61496279999.99979,7869311999.999786,152.34109589092017
1950.1438356164313,61499735999.99979,7872767999.999786,144.47260274023546
1950.2534246575271,61503191999.99979,7876223999.999786,136.60410958955077
1950.363013698623,61506647999.99979,7879679999.999786,128.73561643886606
1950.472602739719,61510103999.99979,7883135999.999786,120.86712328818135
1950.5821917808148,61513559999.99979,7886591999.999786,117.20684931521492
1950.6917808219107,61517015999.99979,7890047999.999786,114.94931506863963
1950.8013698630066,61520471999.99979,7893503999.999786,112.69178082206436
1950.9109589041025,61523927999.99979,7896959999.999786,110.43424657548908
1951.0205479451984,61527383999.99979,7900415999.999786,108.1767123289138
1951.1301369862942,61530839999.99979,7903871999.999786,105.91917808233852
1951.2397260273901,61534295999.99979,7907327999.999786,103.66164383576324
1951.349315068486,61537751999.99979,7910783999.999786,101.40410958918797
1951.458904109582,61541207999.99979,7914239999.999786,99.14657534261269
1951.5684931506778,61544663999.99979,7917695999.999786,94.64931506887349
1951.6780821917737,61548119999.99979,7921151999.999786,88.80821917846269
1951.7876712328696,61551575999.99979,7924607999.999786,82.96712328805191
1951.8972602739655,61555031999.99979,7928063999.999786,77.12602739764111
1952.0068493150613,61558487999.99979,7931519999.999786,71.28493150723031
1952.1164383561572,61561943999.99979,7934975999.999786,65.44383561681951
1952.2260273972531,61565399999.99979,7938431999.999786,59.60273972640873
1952.335616438349,61568855999.99979,7941887999.999786,53.76164383599794
1952.445205479445,61572311999.99979,7945343999.999786,47.920547945587145
1952.5547945205408,61575767999.99979,7948799999.999786,43.63561643853454
1952.6643835616367,61579223999.99979,7952255999.999786,40.90684931524695
1952.7739726027326,61582679999.99979,7955711999.999786,38.178082191959355
1952.8835616438284,61586135999.99979,7959167999.999786,35.449315068671766
1952.9931506849243,61589591999.99979,7962623999.999786,32.72054794538417
1953.1027397260202,61593047999.99977,7966079999.999771,29.991780822096576
1953.212328767116,61596503999.99977,7969535999.999771,27.263013698808983
1953.321917808212,61599959999.99977,7972991999.999771,24.53424657552139
1953.4315068493079,61603415999.99977,7976447999.999771,21.805479452233797
1953.5410958904038,61606871999.99977,7979903999.999771,19.545205479549146
1953.6506849314997,61610327999.99977,7983359999.999771,18.065753424754668
1953.7602739725955,61613783999.99977,7986815999.999771,16.58630136996019
1953.8698630136914,61617239999.99977,7990271999.999771,15.10684931516571
1953.9794520547873,61620695999.99977,7993727999.999771,13.627397260371232
1954.0890410958832,61624151999.99977,7997183999.999771,12.147945205576754
1954.198630136979,61627607999.99977,8000639999.999771,10.668493150782274
1954.308219178075,61631063999.99977,8004095999.999771,9.189041095987795
1954.4178082191709,61634519999.99977,8007551999.999771,7.709589041193317
1954.5273972602668,61637975999.99977,8011007999.999771,7.904109588697429
1954.6369863013626,61641431999.99977,8014463999.999771,13.120547944861663
1954.7465753424585,61644887999.99977,8017919999.999771,18.3369863010259
1954.8561643835544,61648343999.99977,8021375999.999771,23.553424657190135
1954.9657534246503,61651799999.99977,8024831999.999771,28.769863013354367
1955.0753424657462,61655255999.99977,8028287999.999771,33.98630136951861
1955.184931506842,61658711999.99977,8031743999.999771,39.20273972568285
1955.294520547938,61662167999.99977,8035199999.999771,44.41917808184708
1955.4041095890339,61665623999.99977,8038655999.999771,49.63561643801131
1955.5136986301297,61669079999.99977,8042111999.999771,56.206849314006675
1955.6232876712256,61672535999.99977,8045567999.999771,72.26164383455416
1955.7328767123215,61675991999.99977,8049023999.999771,88.31643835510165
1955.8424657534174,61679447999.99977,8052479999.999771,104.37123287564914
1955.9520547945133,61682903999.99977,8055935999.999771,120.42602739619663
1956.0616438356092,61686359999.99977,8059391999.999771,136.4808219167441
1956.171232876705,61689815999.99977,8062847999.999771,152.5356164372916
1956.280821917801,61693271999.99977,8066303999.999771,168.59041095783908
1956.3904109588968,61696727999.99977,8069759999.999771,184.64520547838657
1956.4999999999927,61700183999.99977,8073215999.999771,200.69999999893406
1956.6095890410886,61703639999.99977,8076671999.999771,208.21780821867873
1956.7191780821845,61707095999.99977,8080127999.999771,215.7356164378566
1956.8287671232804,61710551999.99977,8083583999.999771,223.2534246570345
1956.9383561643763,61714007999.99977,8087039999.999771,230.77123287621234
1957.0479452054722,61717463999.99977,8090495999.999771,238.28904109539022
1957.157534246568,61720919999.99977,8093951999.999771,245.80684931456807
1957.267123287664,61724375999.99977,8097407999.999771,253.32465753374595
1957.3767123287598,61727831999.99977,8100863999.999771,260.84246575292383
1957.4863013698557,61731287999.99977,8104319999.999771,268.3602739721017
1957.5958904109516,61734743999.99977,8107775999.999771,268.57123287676785
1957.7054794520475,61738199999.99977,8111231999.999771,267.73835616443915
1957.8150684931434,61741655999.99977,8114687999.999771,266.9054794521104
1957.9246575342393,61745111999.99977,8118143999.999771,266.07260273978164
1958.0342465753351,61748567999.99977,8121599999.999771,265.2397260274529
1958.143835616431,61752023999.99977,8125055999.999771,264.40684931512413
1958.253424657527,61755479999.99977,8128511999.999771,263.5739726027954
1958.3630136986228,61758935999.99977,8131967999.999771,262.7410958904666
1958.4726027397187,61762391999.99977,8135423999.999771,261.9082191781379
1958.5821917808146,61765847999.99977,8138879999.999771,258.6917808221863
1958.6917808219105,61769303999.99977,8142335999.999771,254.6808219180768
1958.8013698630064,61772759999.99977,8145791999.999771,250.6698630139673
1958.9109589041022,61776215999.99977,8149247999.999771,246.65890410985784
1959.0205479451981,61779671999.99977,8152703999.999771,242.64794520574836
1959.130136986294,61783127999.99977,8156159999.999771,238.6369863016389
1959.23972602739,61786583999.99977,8159615999.999771,234.6260273975294
1959.3493150684858,61790039999.99977,8163071999.999771,230.61506849341995
1959.4589041095817,61793495999.99977,8166527999.999771,226.60410958931047
1959.5684931506776,61796951999.99977,8169983999.999771,220.57260274021272
1959.6780821917735,61800407999.99977,8173439999.999771,213.32876712377458
1959.7876712328693,61803863999.99977,8176895999.999771,206.08493150733642
1959.8972602739652,61807319999.99977,8180351999.999771,198.8410958908983
1960.0068493150611,61810775999.99977,8183807999.999771,191.59726027446013
1960.116438356157,61814231999.99977,8187263999.999771,184.353424658022
1960.226027397253,61817687999.99977,8190719999.999771,177.10958904158383
1960.3356164383488,61821143999.99977,8194175999.999771,169.86575342514567
1960.4452054794447,61824599999.99977,8197631999.999771,162.62191780870754
1960.5547945205406,61828055999.99977,8201087999.999771,154.47397260335023
1960.6643835616364,61831511999.99977,8204543999.999771,145.42191780882996
1960.7739726027323,61834967999.99977,8207999999.999771,136.36986301430966
1960.8835616438282,61838423999.99977,8211455999.999771,127.31780821978937
1960.993150684924,61841879999.99977,8214911999.999771,118.26575342526908
1961.10273972602,61845335999.99977,8218367999.999771,109.21369863074878
1961.2123287671159,61848791999.99977,8221823999.999771,100.1616438362285
1961.3219178082118,61852247999.99977,8225279999.999771,91.1095890417082
1961.4315068493077,61855703999.99977,8228735999.999771,82.05753424718792
1961.5410958904035,61859159999.99977,8232191999.999771,75.4547945207186
1961.6506849314994,61862615999.99977,8235647999.999771,72.93424657551319
1961.7602739725953,61866071999.99977,8239103999.999771,70.41369863030778
1961.8698630136912,61869527999.99977,8242559999.999771,67.89315068510237
1961.979452054787,61872983999.99977,8246015999.999771,65.37260273989696
1962.089041095883,61876439999.99977,8249471999.999771,62.852054794691554
1962.1986301369789,61879895999.99977,8252927999.999771,60.331506849486146
1962.3082191780748,61883351999.99977,8256383999.999771,57.81095890428073
1962.4178082191706,61886807999.99977,8259839999.999771,55.290410959075324
1962.5273972602665,61890263999.99977,8263295999.999771,53.03013698640191
1962.6369863013624,61893719999.99977,8266751999.999771,51.55068493160743
1962.7465753424583,61897175999.99977,8270207999.999771,50.07123287681295
1962.8561643835542,61900631999.99977,8273663999.999771,48.59178082201847
1962.96575342465,61904087999.99977,8277119999.999771,47.11232876722399
1963.075342465746,61907543999.99977,8280575999.999771,45.632876712429514
1963.1849315068418,61910999999.99977,8284031999.999771,44.153424657635036
1963.2945205479377,61914455999.99977,8287487999.999771,42.67397260284056
1963.4041095890336,61917911999.99977,8290943999.999771,41.19452054804608
1963.5136986301295,61921367999.99977,8294399999.999771,39.55890410977518
1963.6232876712254,61924823999.99977,8297855999.999771,36.83013698648758
1963.7328767123213,61928279999.99977,8301311999.999771,34.10136986319999
1963.8424657534172,61931735999.99977,8304767999.999771,31.372602739912395
1963.952054794513,61935191999.99977,8308223999.999771,28.6438356166248
1964.061643835609,61938647999.99977,8311679999.999771,25.91506849333721
1964.1712328767048,61942103999.99977,8315135999.999771,23.186301370049613
1964.2808219178007,61945559999.999756,8318591999.999756,20.45753424676202
1964.3904109588966,61949015999.999756,8322047999.999756,17.728767123474427
1964.4999999999925,61952471999.999756,8325503999.999756,15.000000000186834
1964.6095890410884,61955927999.999756,8328959999.999756,15.767123287618688
1964.7191780821843,61959383999.999756,8332415999.999756,16.5342465752899
1964.8287671232802,61962839999.999756,8335871999.999756,17.30136986296111
1964.938356164376,61966295999.999756,8339327999.999756,18.06849315063232
1965.047945205472,61969751999.999756,8342783999.999756,18.835616438303532
1965.1575342465678,61973207999.999756,8346239999.999756,19.602739725974743
1965.2671232876637,61976663999.999756,8349695999.999756,20.369863013645954
1965.3767123287596,61980119999.999756,8353151999.999756,21.136986301317165
1965.4863013698555,61983575999.999756,8356607999.999756,21.904109588988376
1965.5958904109514,61987031999.999756,8360063999.999756,26.29589041062136
1965.7054794520473,61990487999.999756,8363519999.999756,31.20547945171711
1965.8150684931431,61993943999.999756,8366975999.999756,36.11506849281286
1965.924657534239,61997399999.999756,8370431999.999756,41.02465753390861
1966.034246575335,62000855999.999756,8373887999.999756,45.934246575004366
1966.1438356164308,62004311999.999756,8377343999.999756,50.84383561610011
1966.2534246575267,62007767999.999756,8380799999.999756,55.753424657195865
1966.3630136986226,62011223999.999756,8384255999.999756,60.663013698291614
1966.4726027397185,62014679999.999756,8387711999.999756,65.57260273938736
1966.5821917808144,62018135999.999756,8391167999.999756,72.23287671182888
1966.6917808219102,62021591999.999756,8394623999.999756,79.47671232826704
1966.8013698630061,62025047999.999756,8398079999.999756,86.72054794470519
1966.910958904102,62028503999.999756,8401535999.999756,93.96438356114334
1967.020547945198,62031959999.999756,8404991999.999756,101.2082191775815
1967.1301369862938,62035415999.999756,8408447999.999756,108.45205479401963
1967.2397260273897,62038871999.999756,8411903999.999756,115.69589041045779
1967.3493150684856,62042327999.999756,8415359999.999756,122.93972602689594
1967.4589041095815,62045783999.999756,8418815999.999756,130.1835616433341
1967.5684931506773,62049239999.999756,8422271999.999756,134.07123287658254
1967.6780821917732,62052695999.999756,8425727999.999756,135.9452054793222
1967.7876712328691,62056151999.999756,8429183999.999756,137.81917808206188
1967.897260273965,62059607999.999756,8432639999.999756,139.69315068480157
1968.006849315061,62063063999.999756,8436095999.999756,141.56712328754122
1968.1164383561568,62066519999.999756,8439551999.999756,143.4410958902809
1968.2260273972527,62069975999.999756,8443007999.999756,145.31506849302056
1968.3356164383486,62073431999.999756,8446463999.999756,147.18904109576025
1968.4452054794444,62076887999.999756,8449919999.999756,149.0630136984999
1968.5547945205403,62080343999.999756,8453375999.999756,149.9671232876758
1968.6643835616362,62083799999.999756,8456831999.999756,149.90136986301826
1968.773972602732,62087255999.999756,8460287999.999756,149.83561643836074
1968.883561643828,62090711999.999756,8463743999.999756,149.7698630137032
1968.9931506849239,62094167999.999756,8467199999.999756,149.7041095890457
1969.1027397260198,62097623999.999756,8470655999.999756,149.63835616438814
1969.2123287671157,62101079999.999756,8474111999.999756,149.57260273973063
1969.3219178082115,62104535999.999756,8477567999.999756,149.50684931507308
1969.4315068493074,62107991999.999756,8481023999.999756,149.44109589041554
1969.5410958904033,62111447999.999756,8484479999.999756,149.34246575343536
1969.6506849314992,62114903999.999756,8487935999.999756,149.18904109590113
1969.760273972595,62118359999.999756,8491391999.999756,149.03561643836687
1969.869863013691,62121815999.999756,8494847999.999756,148.88219178083264
1969.9794520547869,62125271999.999756,8498303999.999756,148.7287671232984
1970.0890410958827,62128727999.999756,8501759999.999756,148.57534246576415
1970.1986301369786,62132183999.999756,8505215999.999756,148.42191780822992
1970.3082191780745,62135639999.999756,8508671999.999756,148.26849315069566
1970.4178082191704,62139095999.999756,8512127999.999756,148.11506849316143
1970.5273972602663,62142551999.999756,8515583999.999756,146.53150684972644
1970.6369863013622,62146007999.999756,8519039999.999756,140.65753424698687
1970.746575342458,62149463999.999756,8522495999.999756,134.7835616442473
1970.856164383554,62152919999.999756,8525951999.999756,128.90958904150776
1970.9657534246498,62156375999.999756,8529407999.999756,123.03561643876819
1971.0753424657457,62159831999.999756,8532863999.999756,117.16164383602865
1971.1849315068416,62163287999.999756,8536319999.999756,111.28767123328907
1971.2945205479375,62166743999.999756,8539775999.999756,105.41369863054952
1971.4041095890334,62170199999.999756,8543231999.999756,99.53972602780996
1971.5136986301293,62173655999.999756,8546687999.999756,94.44383561641371
1971.6232876712252,62177111999.999756,8550143999.999756,94.79452054792056
1971.732876712321,62180567999.999756,8553599999.999756,95.14520547942739
1971.842465753417,62184023999.999756,8557055999.999756,95.49589041093422
1971.9520547945128,62187479999.999756,8560511999.999756,95.84657534244107
1972.0616438356087,62190935999.999756,8563967999.999756,96.1972602739479
1972.1712328767046,62194391999.999756,8567423999.999756,96.54794520545474
1972.2808219178005,62197847999.999756,8570879999.999756,96.89863013696159
1972.3904109588964,62201303999.999756,8574335999.999756,97.24931506846842
1972.4999999999923,62204759999.999756,8577791999.999756,97.59999999997525
1972.6095890410882,62208215999.999756,8581247999.999756,92.83287671266518
1972.719178082184,62211671999.999756,8584703999.999756,88.06575342499409
1972.82876712328,62215127999.999756,8588159999.999756,83.29863013732299
1972.9383561643758,62218583999.999756,8591615999.999756,78.53150684965189
1973.0479452054717,62222039999.999756,8595071999.999756,73.7643835619808
1973.1575342465676,62225495999.999756,8598527999.999756,68.9972602743097
1973.2671232876635,62228951999.999756,8601983999.999756,64.2301369866386
1973.3767123287594,62232407999.999756,8605439999.999756,59.46301369896751
1973.4863013698553,62235863999.999756,8608895999.999756,54.69589041129641
1973.5958904109511,62239319999.999756,8612351999.999756,53.6301369863394
1973.705479452047,62242775999.999756,8615807999.999756,53.09315068496956
1973.815068493143,62246231999.999756,8619263999.999756,52.55616438359971
1973.9246575342388,62249687999.999756,8622719999.999756,52.019178082229864
1974.0342465753347,62253143999.999756,8626175999.999756,51.48219178086001
1974.1438356164306,62256599999.999756,8629631999.999756,50.94520547949017
1974.2534246575265,62260055999.999756,8633087999.999756,50.40821917812032
1974.3630136986224,62263511999.999756,8636543999.999756,49.87123287675047
1974.4726027397182,62266967999.999756,8639999999.999756,49.334246575380625
1974.5821917808141,62270423999.999756,8643455999.999756,47.00547945226279
1974.69178082191,62273879999.999756,8646911999.999756,44.0794520550026
1974.801369863006,62277335999.999756,8650367999.999756,41.153424657742406
1974.9109589041018,62280791999.999756,8653823999.999756,38.22739726048221
1975.0205479451977,62284247999.999756,8657279999.999756,35.30136986322202
1975.1301369862936,62287703999.999756,8660735999.999756,32.375342465961836
1975.2397260273895,62291159999.999756,8664191999.999756,29.44931506870164
1975.3493150684853,62294615999.999756,8667647999.999756,26.523287671441448
1975.4589041095812,62298071999.99974,8671103999.99974,23.59726027418126
1975.568493150677,62301527999.99974,8674559999.99974,22.219178082223834
1975.678082191773,62304983999.99974,8678015999.99974,21.769863013730696
1975.787671232869,62308439999.99974,8681471999.99974,21.320547945237557
1975.8972602739648,62311895999.99974,8684927999.99974,20.87123287674442
1976.0068493150607,62315351999.99974,8688383999.99974,20.421917808251283
1976.1164383561566,62318807999.99974,8691839999.99974,19.972602739758145
1976.2260273972524,62322263999.99974,8695295999.99974,19.523287671265006
1976.3356164383483,62325719999.99974,8698751999.99974,19.073972602771867
1976.4452054794442,62329175999.99974,8702207999.99974,18.62465753427873
1976.55479452054,62332631999.99974,8705663999.99974,19.54520547928807
1976.664383561636,62336087999.99974,8709119999.99974,21.83561643819212
1976.7739726027319,62339543999.99974,8712575999.99974,24.126027397096163
1976.8835616438278,62342999999.99974,8716031999.99974,26.416438356000207
1976.9931506849236,62346455999.99974,8719487999.99974,28.70684931490425
1977.1027397260195,62349911999.99974,8722943999.99974,30.997260273808294
1977.2123287671154,62353367999.99974,8726399999.99974,33.28767123271234
1977.3219178082113,62356823999.99974,8729855999.99974,35.57808219161638
1977.4315068493072,62360279999.99974,8733311999.99974,37.86849315052043
1977.541095890403,62363735999.99974,8736767999.99974,43.06849314996288
1977.650684931499,62367191999.99974,8740223999.99974,53.11780821845575
1977.7602739725949,62370647999.99974,8743679999.99974,63.167123286948616
1977.8698630136907,62374103999.99974,8747135999.99974,73.21643835544148
1977.9794520547866,62377559999.99974,8750591999.99974,83.26575342393434
1978.0890410958825,62381015999.99974,8754047999.99974,93.3150684924272
1978.1986301369784,62384471999.99974,8757503999.99974,103.36438356092007
1978.3082191780743,62387927999.99974,8760959999.99974,113.41369862941295
1978.4178082191702,62391383999.99974,8764415999.99974,123.46301369790581
1978.527397260266,62394839999.99974,8767871999.99974,133.4410958897069
1978.636986301362,62398295999.99974,8771327999.99974,143.20547945135044
1978.7465753424578,62401751999.99974,8774783999.99974,152.969863012994
1978.8561643835537,62405207999.99974,8778239999.99974,162.73424657463755
1978.9657534246496,62408663999.99974,8781695999.99974,172.49863013628112
1979.0753424657455,62412119999.99974,8785151999.99974,182.2630136979247
1979.1849315068414,62415575999.99974,8788607999.99974,192.02739725956823
1979.2945205479373,62419031999.99974,8792063999.99974,201.79178082121177
1979.4041095890332,62422487999.99974,8795519999.99974,211.55616438285534
1979.513698630129,62425943999.99974,8798975999.99974,220.08356164384512
1979.623287671225,62429399999.99974,8802431999.99974,219.95205479453006
1979.7328767123208,62432855999.99974,8805887999.99974,219.820547945215
1979.8424657534167,62436311999.99974,8809343999.99974,219.68904109589994
1979.9520547945126,62439767999.99974,8812799999.99974,219.55753424658488
1980.0616438356085,62443223999.99974,8816255999.99974,219.42602739726982
1980.1712328767044,62446679999.99974,8819711999.99974,219.29452054795473
1980.2808219178003,62450135999.99974,8823167999.99974,219.16301369863967
1980.3904109588962,62453591999.99974,8826623999.99974,219.03150684932461
1980.499999999992,62457047999.99974,8830079999.99974,218.90000000000956
1980.609589041088,62460503999.99974,8833535999.99974,216.70821917824142
1980.7191780821838,62463959999.99974,8836991999.99974,214.51643835632368
1980.8287671232797,62467415999.99974,8840447999.99974,212.32465753440593
1980.9383561643756,62470871999.99974,8843903999.99974,210.13287671248818
1981.0479452054715,62474327999.99974,8847359999.99974,207.94109589057044
1981.1575342465674,62477783999.99974,8850815999.99974,205.7493150686527
1981.2671232876633,62481239999.99974,8854271999.99974,203.55753424673495
1981.3767123287591,62484695999.99974,8857727999.99974,201.3657534248172
1981.486301369855,62488151999.99974,8861183999.99974,199.17397260289945
1981.595890410951,62491607999.99974,8864639999.99974,195.4000000002916
1981.7054794520468,62495063999.99974,8868095999.99974,191.40000000029173
1981.8150684931427,62498519999.99974,8871551999.99974,187.40000000029184
1981.9246575342386,62501975999.99974,8875007999.99974,183.40000000029195
1982.0342465753345,62505431999.99974,8878463999.99974,179.40000000029207
1982.1438356164304,62508887999.99974,8881919999.99974,175.40000000029218
1982.2534246575262,62512343999.99974,8885375999.99974,171.4000000002923
1982.3630136986221,62515799999.99974,8888831999.99974,167.4000000002924
1982.472602739718,62519255999.99974,8892287999.99974,163.40000000029252
1982.582191780814,62522711999.99974,8895743999.99974,156.5315068498875
1982.6917808219098,62526167999.99974,8899199999.99974,148.70684931564116
1982.8013698630057,62529623999.99974,8902655999.99974,140.8821917813948
1982.9109589041016,62533079999.99974,8906111999.99974,133.05753424714845
1983.0205479451974,62536535999.99974,8909567999.99974,125.23287671290208
1983.1301369862933,62539991999.99974,8913023999.99974,117.40821917865574
1983.2397260273892,62543447999.99974,8916479999.99974,109.58356164440939
1983.349315068485,62546903999.99974,8919935999.99974,101.75890411016303
1983.458904109581,62550359999.99974,8923391999.99974,93.93424657591667
1983.5684931506769,62553815999.99974,8926847999.99974,88.91095890435497
1983.6780821917728,62557271999.99974,8930303999.99974,85.56849315093041
1983.7876712328687,62560727999.99974,8933759999.99974,82.22602739750585
1983.8972602739645,62564183999.99974,8937215999.99974,78.88356164408128
1984.0068493150604,62567639999.99974,8940671999.99974,75.54109589065672
1984.1164383561563,62571095999.99974,8944127999.99974,72.19863013723216
1984.2260273972522,62574551999.99974,8947583999.99974,68.8561643838076
1984.335616438348,62578007999.99974,8951039999.99974,65.51369863038303
1984.445205479444,62581463999.99974,8954495999.99974,62.17123287695847
1984.5547945205399,62584919999.99974,8957951999.99974,58.313698630459115
1984.6643835616358,62588375999.99974,8961407999.99974,53.94109589073321
1984.7739726027316,62591831999.99974,8964863999.99974,49.5684931510073
1984.8835616438275,62595287999.99974,8968319999.99974,45.195890411281404
1984.9931506849234,62598743999.99974,8971775999.99974,40.823287671555505
1985.1027397260193,62602199999.99974,8975231999.99974,36.4506849318296
1985.2123287671152,62605655999.99974,8978687999.99974,32.07808219210369
1985.321917808211,62609111999.99974,8982143999.99974,27.705479452377794
1985.431506849307,62612567999.99974,8985599999.99974,23.33287671265189
1985.5410958904029,62616023999.99974,8989055999.99974,20.36164383566343
1985.6506849314987,62619479999.99974,8992511999.99974,19.72602739730728
1985.7602739725946,62622935999.99974,8995967999.99974,19.090410958951136
1985.8698630136905,62626391999.99974,8999423999.99974,18.454794520594987
1985.9794520547864,62629847999.99974,9002879999.99974,17.819178082238842
1986.0890410958823,62633303999.99974,9006335999.99974,17.183561643882697
1986.1986301369782,62636759999.99974,9009791999.99974,16.54794520552655
1986.308219178074,62640215999.99974,9013247999.99974,15.912328767170404
1986.41780821917,62643671999.99974,9016703999.99974,15.276712328814256
1986.5273972602658,62647127999.99974,9020159999.99974,15.323287671077606
1986.6369863013617,62650583999.99974,9023615999.99974,17.416438356009053
1986.7465753424576,62654039999.999725,9027071999.999725,19.5095890409405
1986.8561643835535,62657495999.999725,9030527999.999725,21.60273972587195
1986.9657534246494,62660951999.999725,9033983999.999725,23.695890410803393
1987.0753424657453,62664407999.999725,9037439999.999725,25.78904109573484
1987.1849315068412,62667863999.999725,9040895999.999725,27.88219178066629
1987.294520547937,62671319999.999725,9044351999.999725,29.975342465597734
1987.404109589033,62674775999.999725,9047807999.999725,32.06849315052918
1987.5136986301288,62678231999.999725,9051263999.999725,35.12054794447865
1987.6232876712247,62681687999.999725,9054719999.999725,44.88493150612221
1987.7328767123206,62685143999.999725,9058175999.999725,54.64931506776577
1987.8424657534165,62688599999.999725,9061631999.999725,64.41369862940932
1987.9520547945124,62692055999.999725,9065087999.999725,74.17808219105288
1988.0616438356083,62695511999.999725,9068543999.999725,83.94246575269645
1988.1712328767042,62698967999.999725,9071999999.999725,93.70684931433999
1988.2808219178,62702423999.999725,9075455999.999725,103.47123287598356
1988.390410958896,62705879999.999725,9078911999.999725,113.2356164376271
1988.4999999999918,62709335999.999725,9082367999.999725,122.99999999927067
1988.6095890410877,62712791999.999725,9085823999.999725,132.65479451982654
1988.7191780821836,62716247999.999725,9089279999.999725,142.3095890403742
1988.8287671232795,62719703999.999725,9092735999.999725,151.96438356092187
1988.9383561643754,62723159999.999725,9096191999.999725,161.61917808146956
1989.0479452054713,62726615999.999725,9099647999.999725,171.2739726020172
1989.1575342465671,62730071999.999725,9103103999.999725,180.9287671225649
1989.267123287663,62733527999.999725,9106559999.999725,190.58356164311255
1989.376712328759,62736983999.999725,9110015999.999725,200.23835616366023
1989.4863013698548,62740439999.999725,9113471999.999725,209.8931506842079
1989.5958904109507,62743895999.999725,9116927999.999725,209.24931506865173
1989.7054794520466,62747351999.999725,9120383999.999725,207.1342465755011
1989.8150684931425,62750807999.999725,9123839999.999725,205.0191780823505
1989.9246575342383,62754263999.999725,9127295999.999725,202.90410958919986
1990.0342465753342,62757719999.999725,9130751999.999725,200.78904109604923
1990.1438356164301,62761175999.999725,9134207999.999725,198.6739726028986
1990.253424657526,62764631999.999725,9137663999.999725,196.558904109748
1990.363013698622,62768087999.999725,9141119999.999725,194.44383561659737
1990.4726027397178,62771543999.999725,9144575999.999725,192.32876712344674
1990.5821917808137,62774999999.999725,9148031999.999725,192.74520547935725
1990.6917808219096,62778455999.999725,9151487999.999725,194.00547945195996
1990.8013698630054,62781911999.999725,9154943999.999725,195.26575342456266
1990.9109589041013,62785367999.999725,9158399999.999725,196.52602739716536
1991.0205479451972,62788823999.999725,9161855999.999725,197.78630136976807
1991.130136986293,62792279999.999725,9165311999.999725,199.04657534237077
1991.239726027389,62795735999.999725,9168767999.999725,200.30684931497348
1991.3493150684849,62799191999.999725,9172223999.999725,201.56712328757618
1991.4589041095808,62802647999.999725,9175679999.999725,202.82739726017888
1991.5684931506767,62806103999.999725,9179135999.999725,198.4849315074309
1991.6780821917725,62809559999.999725,9182591999.999725,190.78082191839002
1991.7876712328684,62813015999.999725,9186047999.999725,183.07671232934914
1991.8972602739643,62816471999.999725,9189503999.999725,175.37260274030825
1992.0068493150602,62819927999.999725,9192959999.999725,167.6684931512674
1992.116438356156,62823383999.999725,9196415999.999725,159.9643835622265
1992.226027397252,62826839999.999725,9199871999.999725,152.26027397318563
1992.3356164383479,62830295999.999725,9203327999.999725,144.55616438414475
1992.4452054794438,62833751999.999725,9206783999.999725,136.85205479510387
1992.5547945205396,62837207999.999725,9210239999.999725,129.88219178129424
1992.6643835616355,62840663999.999725,9213695999.999725,123.64657534293823
1992.7739726027314,62844119999.999725,9217151999.999725,117.41095890458226
1992.8835616438273,62847575999.999725,9220607999.999725,111.17534246622627
1992.9931506849232,62851031999.999725,9224063999.999725,104.93972602787028
1993.102739726019,62854487999.999725,9227519999.999725,98.70410958951429
1993.212328767115,62857943999.999725,9230975999.999725,92.4684931511583
1993.3219178082109,62861399999.999725,9234431999.999725,86.23287671280232
1993.4315068493067,62864855999.999725,9237887999.999725,79.99726027444632
1993.5410958904026,62868311999.999725,9241343999.999725,74.81780821943794
1993.6506849314985,62871767999.999725,9244799999.999725,71.39863013724624
1993.7602739725944,62875223999.999725,9248255999.999725,67.97945205505457
1993.8698630136903,62878679999.999725,9251711999.999725,64.56027397286289
1993.9794520547862,62882135999.999725,9255167999.999725,61.1410958906712
1994.089041095882,62885591999.999725,9258623999.999725,57.72191780847952
1994.198630136978,62889047999.999725,9262079999.999725,54.30273972628783
1994.3082191780738,62892503999.999725,9265535999.999725,50.88356164409615
1994.4178082191697,62895959999.999725,9268991999.999725,47.46438356190447
1994.5273972602656,62899415999.999725,9272447999.999725,44.357534246740805
1994.6369863013615,62902871999.999725,9275903999.999725,42.18767123304224
1994.7465753424574,62906327999.999725,9279359999.999725,40.01780821934367
1994.8561643835533,62909783999.999725,9282815999.999725,37.847945205645104
1994.9657534246492,62913239999.999725,9286271999.999725,35.67808219194653
1995.075342465745,62916695999.999725,9289727999.999725,33.50821917824796
1995.184931506841,62920151999.999725,9293183999.999725,31.338356164549396
1995.2945205479368,62923607999.999725,9296639999.999725,29.16849315085083
1995.4041095890327,62927063999.999725,9300095999.999725,26.99863013715226
1995.5136986301286,62930519999.999725,9303551999.999725,24.91506849326388
1995.6232876712245,62933975999.999725,9307007999.999725,23.435616438469403
1995.7328767123204,62937431999.999725,9310463999.999725,21.956164383674924
1995.8424657534163,62940887999.999725,9313919999.999725,20.476712328880446
1995.9520547945122,62944343999.999725,9317375999.999725,18.997260274085967
1996.061643835608,62947799999.999725,9320831999.999725,17.51780821929149
1996.171232876704,62951255999.999725,9324287999.999725,16.03835616449701
1996.2808219177998,62954711999.999725,9327743999.999725,14.55890410970253
1996.3904109588957,62958167999.999725,9331199999.999725,13.079452054908051
1996.4999999999916,62961623999.999725,9334655999.999725,11.600000000113573
1996.6095890410875,62965079999.999725,9338111999.999725,13.495890410813308
1996.7191780821834,62968535999.999725,9341567999.999725,15.391780821772159
1996.8287671232792,62971991999.999725,9345023999.999725,17.287671232731007
1996.9383561643751,62975447999.999725,9348479999.999725,19.183561643689856
1997.047945205471,62978903999.999725,9351935999.999725,21.079452054648705
1997.157534246567,62982359999.999725,9355391999.999725,22.975342465607557
1997.2671232876628,62985815999.999725,9358847999.999725,24.87123287656641
1997.3767123287587,62989271999.999725,9362303999.999725,26.76712328752526
1997.4863013698546,62992727999.999725,9365759999.999725,28.663013698484107
1997.5958904109505,62996183999.999725,9369215999.999725,34.59589041045733
1997.7054794520463,62999639999.999725,9372671999.999725,41.10547945155304
1997.8150684931422,63003095999.999725,9376127999.999725,47.615068492648746
1997.9246575342381,63006551999.999725,9379583999.999725,54.12465753374445
1998.034246575334,63010007999.999725,9383039999.999725,60.63424657484015
1998.14383561643,63013463999.999725,9386495999.999725,67.14383561593586
1998.2534246575258,63016919999.999725,9389951999.999725,73.65342465703156
1998.3630136986217,63020375999.999725,9393407999.999725,80.16301369812726
1998.4726027397176,63023831999.999725,9396863999.999725,86.67260273922298
1998.5821917808134,63027287999.999725,9400319999.999725,92.2452054790454
1998.6917808219093,63030743999.999725,9403775999.999725,97.50547945164799
1998.8013698630052,63034199999.999725,9407231999.999725,102.76575342425058
1998.910958904101,63037655999.999725,9410687999.999725,108.02602739685318
1999.020547945197,63041111999.999725,9414143999.999725,113.28630136945577
1999.1301369862929,63044567999.999725,9417599999.999725,118.54657534205836
1999.2397260273888,63048023999.999725,9421055999.999725,123.80684931466095
1999.3493150684847,63051479999.999725,9424511999.999725,129.06712328726354
1999.4589041095805,63054935999.999725,9427967999.999725,134.32739725986613
1999.5684931506764,63058391999.999725,9431423999.999725,138.87534246543385
1999.6780821917723,63061847999.999725,9434879999.999725,142.9958904106392
1999.7876712328682,63065303999.999725,9438335999.999725,147.11643835584456
1999.897260273964,63068759999.999725,9441791999.999725,151.2369863010499
2000.00684931506,63072215999.999725,9445247999.999725,155.35753424625528
2000.1164383561559,63075671999.999725,9448703999.999725,159.47808219146066
2000.2260273972518,63079127999.999725,9452159999.999725,163.598630136666
2000.3356164383476,63082583999.999725,9455615999.999725,167.71917808187138
2000.4452054794435,63086039999.999725,9459071999.999725,171.83972602707672
2000.5547945205394,63089495999.999725,9462527999.999725,173.70821917811205
2000.6643835616353,63092951999.999725,9465983999.999725,173.32465753427644
2000.7739726027312,63096407999.999725,9469439999.999725,172.94109589044083
2000.883561643827,63099863999.999725,9472895999.999725,172.55753424660523
2000.993150684923,63103319999.999725,9476351999.999725,172.17397260276962
2001.1027397260189,63106775999.999725,9479807999.999725,171.79041095893402
2001.2123287671147,63110231999.999725,9483263999.999725,171.4068493150984
2001.3219178082106,63113687999.999725,9486719999.999725,171.0232876712628
2001.4315068493065,63117143999.999725,9490175999.999725,170.6397260274272
2001.5410958904024,63120599999.999725,9493631999.999725,170.12054794526367
2001.6506849314983,63124055999.999725,9497087999.999725,169.37534246581163
2001.7602739725942,63127511999.999725,9500543999.999725,168.6301369863596
2001.86986301369,63130967999.999725,9503999999.999725,167.88493150690755
2001.979452054786,63134423999.999725,9507455999.999725,167.13972602745554
2002.0890410958818,63137879999.999725,9510911999.999725,166.3945205480035
2002.1986301369777,63141335999.999725,9514367999.999725,165.64931506855146
2002.3082191780736,63144791999.999725,9517823999.999725,164.90410958909942
2002.4178082191695,63148247999.999725,9521279999.999725,164.15890410964738
2002.5273972602654,63151703999.999725,9524735999.999725,161.8383561649355
2002.6369863013613,63155159999.999725,9528191999.999725,154.79178082246997
2002.7465753424572,63158615999.999725,9531647999.999725,147.74520548000442
2002.856164383553,63162071999.999725,9535103999.999725,140.69863013753886
2002.965753424649,63165527999.999725,9538559999.999725,133.6520547950733
2003.0753424657448,63168983999.999725,9542015999.999725,126.60547945260775
2003.1849315068407,63172439999.999725,9545471999.999725,119.55890411014221
2003.2945205479366,63175895999.999725,9548927999.999725,112.51232876767665
2003.4041095890325,63179351999.999725,9552383999.999725,105.46575342521109
2003.5136986301284,63182807999.999725,9555839999.999725,98.83424657563528
2003.6232876712243,63186263999.999725,9559295999.999725,95.10821917837511
2003.7328767123201,63189719999.999725,9562751999.999725,91.38219178111494
2003.842465753416,63193175999.999725,9566207999.999725,87.65616438385477
2003.952054794512,63196631999.999725,9569663999.999725,83.9301369865946
2004.0616438356078,63200087999.999725,9573119999.999725,80.20410958933444
2004.1712328767037,63203543999.999725,9576575999.999725,76.47808219207427
2004.2808219177996,63206999999.999725,9580031999.999725,72.7520547948141
2004.3904109588955,63210455999.999725,9583487999.999725,69.02602739755393
2004.4999999999914,63213911999.999725,9586943999.999725,65.30000000029376
2004.6095890410872,63217367999.999725,9590399999.999725,63.16301369879868
2004.7191780821831,63220823999.999725,9593855999.999725,61.02602739742888
2004.828767123279,63224279999.999725,9597311999.999725,58.889041096059074
2004.938356164375,63227735999.999725,9600767999.999725,56.75205479468927
2005.0479452054708,63231191999.999725,9604223999.999725,54.61506849331947
2005.1575342465667,63234647999.999725,9607679999.999725,52.47808219194967
2005.2671232876626,63238103999.999725,9611135999.999725,50.341095890579865
2005.3767123287585,63241559999.999725,9614591999.999725,48.20410958921006
2005.4863013698543,63245015999.999725,9618047999.999725,46.06712328784026
2005.5958904109502,63248471999.999725,9621503999.999725,43.77671232895008
2005.7054794520461,63251927999.999725,9624959999.999725,41.464383561826864
2005.815068493142,63255383999.999725,9628415999.999725,39.152054794703645
2005.924657534238,63258839999.999725,9631871999.999725,36.83972602758042
2006.0342465753338,63262295999.999725,9635327999.999725,34.5273972604572
2006.1438356164297,63265751999.999725,9638783999.999725,32.21506849333397
2006.2534246575256,63269207999.999725,9642239999.999725,29.902739726210754
2006.3630136986214,63272663999.999725,9645695999.999725,27.590410959087535
2006.4726027397173,63276119999.999725,9649151999.999725,25.278082191964312
2006.5821917808132,63279575999.999725,9652607999.999725,23.705479452160056
2006.691780821909,63283031999.999725,9656063999.999725,22.37945205489982
2006.801369863005,63286487999.999725,9659519999.999725,21.053424657639585
2006.9109589041009,63289943999.999725,9662975999.999725,19.727397260379348
2007.0205479451968,63293399999.999725,9666431999.999725,18.40136986311911
2007.1301369862927,63296855999.999725,9669887999.999725,17.075342465858874
2007.2397260273885,63300311999.999725,9673343999.999725,15.749315068598639
2007.3493150684844,63303767999.999725,9676799999.999725,14.423287671338402
2007.4589041095803,63307223999.999725,9680255999.999725,13.097260274078167
2007.5684931506762,63310679999.999725,9683711999.999725,12.024657534319886
2007.678082191772,63314135999.999725,9687167999.999725,11.104109589114433
2007.787671232868,63317591999.999725,9690623999.999725,10.183561643908979
2007.8972602739639,63321047999.999725,9694079999.999725,9.263013698703526
2008.0068493150598,63324503999.999725,9697535999.999725,8.342465753498072
2008.1164383561556,63327959999.999725,9700991999.999725,7.42191780829262
2008.2260273972515,63331415999.999725,9704447999.999725,6.501369863087167
2008.3356164383474,63334871999.999725,9707903999.999725,5.580821917881713
2008.4452054794433,63338327999.999725,9711359999.999725,4.6602739726762605
2008.5547945205392,63341783999.999725,9714815999.999725,4.232876712323514
2008.664383561635,63345239999.999725,9718271999.999725,4.298630136981046
2008.773972602731,63348695999.999725,9721727999.999725,4.364383561638578
2008.8835616438269,63352151999.999725,9725183999.999725,4.430136986296111
2008.9931506849227,63355607999.999725,9728639999.999725,4.495890410953644
2009.1027397260186,63359063999.99972,9732095999.999718,4.561643835611176
2009.2123287671145,63362519999.99972,9735551999.999718,4.627397260268708
2009.3219178082104,63365975999.99972,9739007999.999718,4.69315068492624
2009.4315068493063,63369431999.99972,9742463999.999718,4.7589041095837725
2009.5410958904022,63372887999.99972,9745919999.999718,5.626027397083726
2009.650684931498,63376343999.99972,9749375999.999718,7.82876712311106
2009.760273972594,63379799999.99972,9752831999.999718,10.031506849138395
2009.8698630136898,63383255999.99972,9756287999.999718,12.234246575165729
2009.9794520547857,63386711999.99972,9759743999.999718,14.436986301193063
2010.0890410958816,63390167999.99972,9763199999.999718,16.639726027220398
2010.1986301369775,63393623999.99972,9766655999.999718,18.842465753247733
2010.3082191780734,63397079999.99972,9770111999.999718,21.04520547927507
2010.4178082191693,63400535999.99972,9773567999.999718,23.2479452053024
2010.5273972602652,63403991999.99972,9777023999.999718,26.431506848822504
2010.636986301361,63407447999.99972,9780479999.999718,32.557534246082604
2010.746575342457,63410903999.99972,9783935999.999718,38.6835616433427
2010.8561643835528,63414359999.99972,9787391999.999718,44.8095890406028
2010.9657534246487,63417815999.99972,9790847999.999718,50.935616437862905
2011.0753424657446,63421271999.99972,9794303999.999718,57.061643835123
2011.1849315068405,63424727999.99972,9797759999.999718,63.1876712323831
2011.2945205479364,63428183999.99972,9801215999.999718,69.3136986296432
2011.4041095890323,63431639999.99972,9804671999.999718,75.4397260269033
2011.5136986301281,63435095999.99972,9808127999.999718,80.85068493147413
2011.623287671224,63438551999.99972,9811583999.999718,81.25616438352893
2011.73287671232,63442007999.99972,9815039999.999718,81.6616438355837
2011.8424657534158,63445463999.99972,9818495999.999718,82.0671232876385
2011.9520547945117,63448919999.99972,9821951999.999718,82.47260273969327
2012.0616438356076,63452375999.99972,9825407999.999718,82.87808219174806
2012.1712328767035,63455831999.99972,9828863999.999718,83.28356164380284
2012.2808219177994,63459287999.99972,9832319999.999718,83.68904109585762
2012.3904109588952,63462743999.99972,9835775999.999718,84.09452054791241
2012.4999999999911,63466199999.99972,9839231999.999718,84.49999999996719
2012.609589041087,63469655999.99972,9842687999.999718,85.54109589032669
2012.719178082183,63473111999.99972,9846143999.999718,86.58219178073762
2012.8287671232788,63476567999.99972,9849599999.999718,87.62328767114855
2012.9383561643747,63480023999.99972,9853055999.999718,88.66438356155948
2013.0479452054706,63483479999.99972,9856511999.999718,89.7054794519704
2013.1575342465665,63486935999.99972,9859967999.999718,90.74657534238133
2013.2671232876623,63490391999.99972,9863423999.999718,91.78767123279226
2013.3767123287582,63493847999.99972,9866879999.999718,92.82876712320319
2013.4863013698541,63497303999.99972,9870335999.999718,93.86986301361412
2013.59589041095,63500759999.99972,9873791999.999718,95.85068493133511
2013.705479452046,63504215999.99972,9877247999.999718,97.96575342448573
2013.8150684931418,63507671999.99972,9880703999.999718,100.08082191763636
2013.9246575342377,63511127999.99972,9884159999.999718,102.19589041078697
2014.0342465753336,63514583999.99972,9887615999.999718,104.3109589039376
2014.1438356164294,63518039999.99972,9891071999.999718,106.42602739708823
2014.2534246575253,63521495999.99972,9894527999.999718,108.54109589023885
2014.3630136986212,63524951999.99972,9897983999.999718,110.65616438338948
2014.472602739717,63528407999.99972,9901439999.999718,112.7712328765401
2014.582191780813,63531863999.99972,9904895999.999718,109.72465753463489
2014.6917808219089,63535319999.99972,9908351999.999718,104.95753424696379
2014.8013698630048,63538775999.99972,9911807999.999718,100.19041095929269
2014.9109589041007,63542231999.99972,9915263999.999718,95.4232876716216
2015.0205479451965,63545687999.99972,9918719999.999718,90.6561643839505
2015.1301369862924,63549143999.99972,9922175999.999718,85.8890410962794
2015.2397260273883,63552599999.99972,9925631999.999718,81.1219178086083
2015.3493150684842,63556055999.99972,9929087999.999718,76.3547945209372
2015.45890410958,63559511999.99972,9932543999.999718,71.58767123326611
2015.568493150676,63562967999.99972,9935999999.999718,67.7452054797207
2015.6780821917719,63566423999.99972,9939455999.999718,64.45753424684408
2015.7876712328678,63569879999.99972,9942911999.999718,61.16986301396746
2015.8972602739636,63573335999.99972,9946367999.999718,57.88219178109084
2016.0068493150595,63576791999.99972,9949823999.999718,54.59452054821422
2016.1164383561554,63580247999.99972,9953279999.999718,51.3068493153376
2016.2260273972513,63583703999.99972,9956735999.999718,48.01917808246098
2016.3356164383472,63587159999.99972,9960191999.999718,44.73150684958436
2016.445205479443,63590615999.99972,9963647999.999718,41.443835616707744
2016.554794520539,63594071999.99972,9967103999.999718,38.80821917824478
2016.6643835616348,63597527999.99972,9970559999.999718,36.82465753440922
2016.7739726027307,63600983999.99972,9974015999.999718,34.841095890573655
2016.8835616438266,63604439999.99972,9977471999.999718,32.8575342467381
2016.9931506849225,63607895999.99972,9980927999.999718,30.87397260290254
2017.1027397260184,63611351999.99972,9984383999.999718,28.89041095906698
2017.2123287671143,63614807999.99972,9987839999.999718,26.90684931523142
2017.3219178082102,63618263999.99972,9991295999.999718,24.92328767139586
2017.431506849306,63621719999.99972,9994751999.999718,22.9397260275603
2017.541095890402,63625175999.99972,9998207999.999718,21.095890411091364
2017.6506849314978,63628631999.99972,10001663999.999718,19.48493150698182
2017.7602739725937,63632087999.99972,10005119999.999718,17.87397260287228
2017.8698630136896,63635543999.99972,10008575999.999718,16.263013698762734
2017.9794520547855,63638999999.99972,10012031999.999718,14.65205479465319
2018.0890410958814,63642455999.99972,10015487999.999718,13.041095890543646
2018.1986301369773,63645911999.99972,10018943999.999718,11.430136986434103
2018.3082191780732,63649367999.99972,10022399999.999718,9.81917808232456
2018.417808219169,63652823999.99972,10025855999.999718,8.208219178215018
2018.527397260265,63656279999.99972,10029311999.999718,6.906849315099225
2018.6369863013608,63659735999.99972,10032767999.999718,6.534246575373208
2018.7465753424567,63663191999.99972,10036223999.999718,6.161643835647192
2018.8561643835526,63666647999.99972,10039679999.999718,5.789041095921175
2018.9657534246485,63670103999.99972,10043135999.999718,5.416438356195158
2019.0753424657444,63673559999.99972,10046591999.999718,5.043835616469141
2019.1849315068403,63677015999.99972,10050047999.999718,4.671232876743124
2019.2945205479361,63680471999.99972,10053503999.999718,4.298630137017108
2019.404109589032,63683927999.99972,10056959999.999718,3.926027397291091
2019.513698630128,63687383999.99972,10060415999.999718,3.6712328766651807
2019.6232876712238,63690839999.99972,10063871999.999718,4.241095890363795
2019.7328767123197,63694295999.99972,10067327999.999718,4.810958904062409
2019.8424657534156,63697751999.99972,10070783999.999718,5.380821917761023
2019.9520547945115,63701207999.99972,10074239999.999718,5.950684931459637
2020.0616438356074,63704663999.99972,10077695999.999718,6.520547945158251
2020.1712328767032,63708119999.99972,10081151999.999718,7.090410958856865
2020.2808219177991,63711575999.99972,10084607999.999718,7.66027397255548
2020.390410958895,63715031999.99971,10088063999.99971,8.230136986254093
2020.499999999991,63718487999.99971,10091519999.99971,8.799999999952707
2020.6095890410868,63721943999.99971,10094975999.99971,11.079452054605282
2020.7191780821827,63725399999.99971,10098431999.99971,13.358904109399738
2020.8287671232786,63728855999.99971,10101887999.99971,15.638356164194192
2020.9383561643745,63732311999.99971,10105343999.99971,17.917808218988647
2021.0479452054703,63735767999.99971,10108799999.99971,20.197260273783105
2021.1575342465662,63739223999.99971,10112255999.99971,22.476712328577563
2021.2671232876621,63742679999.99971,10115711999.99971,24.756164383372017
2021.376712328758,63746135999.99971,10119167999.99971,27.03561643816647
2021.486301369854,63749591999.99971,10122623999.99971,29.31506849296093
2021.5958904109498,63753047999.99971,10126079999.99971,34.7397260269081
2021.7054794520457,63756503999.99971,10129535999.99971,40.613698629647665
2021.8150684931416,63759959999.99971,10132991999.99971,46.48767123238722
2021.9246575342374,63763415999.99971,10136447999.99971,52.361643835126785
2022.0342465753333,63766871999.99971,10139903999.99971,58.23561643786634
2022.1438356164292,63770327999.99971,10143359999.99971,64.1095890406059
2022.253424657525,63773783999.99971,10146815999.99971,69.98356164334547
2022.363013698621,63777239999.99971,10150271999.99971,75.85753424608501
2022.4726027397169,63780695999.99971,10153727999.99971,81.73150684882458
2022.5821917808128,63784151999.99971,10157183999.99971,86.6767123283799
2022.6917808219087,63787607999.99971,10160639999.99971,91.31232876673593
2022.8013698630045,63791063999.99971,10164095999.99971,95.94794520509197
2022.9109589041004,63794519999.99971,10167551999.99971,100.58356164344801
2023.0205479451963,63797975999.99971,10171007999.99971,105.21917808180403
2023.1301369862922,63801431999.99971,10174463999.99971,109.85479452016007
2023.239726027388,63804887999.99971,10177919999.99971,114.4904109585161
2023.349315068484,63808343999.99971,10181375999.99971,119.12602739687213
2023.4589041095799,63811799999.99971,10184831999.99971,123.76164383522817
2023.5684931506757,63815255999.99971,10188287999.99971,127.49999999973188
2023.6780821917716,63818711999.99971,10191743999.99971,130.6999999997318
2023.7876712328675,63822167999.99971,10195199999.99971,133.8999999997317
2023.8972602739634,63825623999.99971,10198655999.99971,137.0999999997316
2024.0068493150593,63829079999.99971,10202111999.99971,140.2999999997315
2024.1164383561552,63832535999.99971,10205567999.99971,143.49999999973141
2024.226027397251,63835991999.99971,10209023999.99971,146.69999999973132
2024.335616438347,63839447999.99971,10212479999.99971,149.89999999973122
2024.4452054794428,63842903999.99971,10215935999.99971,153.09999999973115
